<?xml version="1.0" encoding="UTF-8"?>
<syntax name="markdown">
    <meta>
        <name>Markdown</name>
        <type>markup</type>
        <preferred-file-extension>md</preferred-file-extension>
    </meta>
    
    <detectors>
        <extension priority="1.0">markdown,mdown,md,mkdn,mkd,mdwn,mdtxt,mdtext</extension>
    </detectors>
    
    <comments>
        <multiline>
            <starts-with>
                <expression>&lt;!--</expression>
            </starts-with>
            <ends-with>
                <expression>--&gt;</expression>
            </ends-with>
        </multiline>
    </comments>
    
    <surrounding-pairs>
        <pair open="{" close="}" />
        <pair open="[" close="]" />
        <pair open="(" close=")" />
        <pair open="&apos;" close="&apos;" />
        <pair open="&quot;" close="&quot;" />
        <pair open="`" close="`" />
        <pair open="*" close="*" />
        <pair open="_" close="_" />
        <pair open="~" close="~" />
        <pair open="“" close="”" />
        <pair open="‘" close="’" />
    </surrounding-pairs>
    
    <tree-sitter>
        <highlights />
        <injections />
        <folds />
        <symbols />
        <text-checking />
    </tree-sitter>
</syntax>
