<?xml version="1.0" encoding="UTF-8"?>
<syntax name="tsq">
    <meta>
        <name>Tree Sitter Query</name>
        <type>data</type>
        <preferred-file-extension>scm</preferred-file-extension>
    </meta>
    
    <detectors>
        <extension priority="0.2">scm</extension>
    </detectors>
    
    <identifiers>
        <characters>
            <alphanumeric />
            <string>-_</string>
        </characters>
    </identifiers>
    
    <indentation>
        <increase>
            <expression></expression>
        </increase>
        <decrease>
            <expression></expression>
        </decrease>
    </indentation>
    
    <comments>
        <single>
            <expression>;</expression>
        </single>
    </comments>
    
    <injection>
        <expression>^(tsq)$</expression>
    </injection>
    
    <tree-sitter>
        <highlights />
        <folds />
    </tree-sitter>
</syntax>
