<?xml version="1.0" encoding="UTF-8"?>
<syntax name="xml">
    <meta>
        <name>XML</name>
        <type>structured</type>
        <preferred-file-extension>xml</preferred-file-extension>
    </meta>
    
    <detectors>
        <extension priority="1.0">xml,plist</extension>
        <extension priority="0.5">svg</extension>
        <match-content lines="2" priority="0.3">&lt;\?xml</match-content>
    </detectors>
    
    <indentation>
        <increase>
            <expression>^\s*&lt;(([^!/?]|%)(?!.+?([/%]&gt;|&lt;/.+?&gt;))|[%!]--\s*$)</expression>
        </increase>
        <decrease>
            <expression>^\s*(&lt;/[^&gt;]+&gt;|--&gt;|--%&gt;)</expression>
        </decrease>
    </indentation>
    
    <comments>
        <multiline>
            <starts-with>
                <expression>&lt;!--</expression>
            </starts-with>
            <ends-with>
                <expression>--&gt;</expression>
            </ends-with>
        </multiline>
    </comments>
    
    <injection>
        <expression>(xml|XML|Xml)$</expression>
    </injection>
    
    <tree-sitter>
        <highlights />
        <folds />
        <symbols />
        <text-checking />
        <tag-matching />
    </tree-sitter>
    
    
    <!-- The XML regular expression grammar scopes are deprecated.
         They remain for backwards compatibility with third-party extensions.
         Do not rely on these for new grammars.
         They will be removed in a future release. -->
         
    <scopes>
        <!-- Meta -->
        <scope name="xml.meta.processing">
            <starts-with>
                <expression>&lt;\?xml</expression>
            </starts-with>
            <ends-with>
                <expression>\?&gt;</expression>
            </ends-with>
        </scope>
        <scope name="xml.meta.declaration">
            <starts-with>
                <expression>&lt;!(?i:DOCTYPE)</expression>
            </starts-with>
            <ends-with>
                <expression>&gt;</expression>
            </ends-with>
        </scope>
        <scope name="xml.meta.cdata">
            <starts-with>
                <expression>&lt;!\[(?i:CDATA)\[</expression>
            </starts-with>
            <ends-with>
                <expression>\]\]&gt;</expression>
            </ends-with>
            <subscopes />
        </scope>
        
        <!-- Comments -->
        <scope name="xml.comment.block" spell-check="true">
            <starts-with>
                <expression>&lt;!--</expression>
            </starts-with>
            <ends-with>
                <expression>--&gt;</expression>
            </ends-with>
        </scope>
        
        <!-- Tags -->
        <include syntax="self" collection="tags" />
        
        <!-- Values -->
        <scope name="xml.value.entity.numeric">
            <expression>&amp;\#[0-9]+;</expression>
        </scope>
        <scope name="xml.value.entity.named">
            <strings prefix="&amp;" suffix=";" word-boundary="false">
                <string>amp</string>
                <string>lt</string>
                <string>gt</string>
                <string>apos</string>
                <string>quot</string>
            </strings>
        </scope>
    </scopes>
    
    <collections>
        <!-- Tags -->
        <collection name="tags">
            <scope name="xml.tag.close">
                <symbol type="tag">
                    <context behavior="end" group-by-name="true" />
                </symbol>
                <expression>&lt;/([a-zA-Z_][A-Za-zÀ-ÖØ-öø-ÿŸřŘšŠžŽ0-9_:.-]*)&gt;</expression>
                <capture number="1" name="xml.tag.name" />
            </scope>
            <scope name="xml.tag.open">
                <symbol type="tag">
                    <!-- Do not match self-closing tags -->
                    <filter match-end="(?&lt;!/&gt;)" />
                    <context behavior="start" group-by-name="true">
                        <auto-close string="&lt;/" completion="${name}&gt;" />
                    </context>
                </symbol>
                <starts-with>
                    <expression>&lt;([a-zA-Z_][A-Za-zÀ-ÖØ-öø-ÿŸřŘšŠžŽ0-9_:.-]*)</expression>
                    <capture number="1" name="xml.tag.name" />
                </starts-with>
                <ends-with>
                    <expression>/?&gt;</expression>
                </ends-with>
                <subscopes>
                    <include syntax="self" collection="xml.tag.attributes" />
                </subscopes>
            </scope>
        </collection>
        
        <!-- Tag Attributes -->
        <collection name="xml.tag.attributes">
            <scope name="xml.tag.attribute.double-quoted">
                <starts-with>
                    <expression>([a-zA-Z_][a-zA-Z0-9-_]*)\s*(=)\s*(&quot;)</expression>
                    <capture number="1" name="xml.tag.attribute.name" />
                    <capture number="2" name="xml.tag.attribute.operator" />
                    <capture number="3" name="xml.tag.attribute.value.delimiter.left" />
                </starts-with>
                <ends-with>
                    <expression>(&quot;)</expression>
                    <capture number="1" name="xml.tag.attribute.value.delimiter.right" />
                </ends-with>
                <subscopes>
                    <include syntax="self" collection="attribute-values-double-quoted" />
                </subscopes>
            </scope>
            <scope name="xml.tag.attribute.single-quoted">
                <starts-with>
                    <expression>([a-zA-Z_][a-zA-Z0-9-_]*)\s*(=)\s*(&apos;)</expression>
                    <capture number="1" name="xml.tag.attribute.name" />
                    <capture number="2" name="xml.tag.attribute.operator" />
                    <capture number="3" name="xml.tag.attribute.value.delimiter.left" />
                </starts-with>
                <ends-with>
                    <expression>(&apos;)</expression>
                    <capture number="1" name="xml.tag.attribute.value.delimiter.right" />
                </ends-with>
                <subscopes>
                    <include syntax="self" collection="attribute-values-single-quoted" />
                </subscopes>
            </scope>
        </collection>
        
        <!-- Attribute values -->
        <collection name="attribute-values-double-quoted">
            <scope name="xml.tag.attribute.value.double-quoted">
                <starts-with>
                    <expression>(?&lt;=&quot;)</expression>
                </starts-with>
                <ends-with>
                    <expression>(?=&quot;)</expression>
                </ends-with>
                <subscopes>
                    <scope name="xml.tag.attribute.value.escape">
                        <expression>\\\\|\\&quot;</expression>
                    </scope>
                </subscopes>
            </scope>
        </collection>
        
        <collection name="attribute-values-single-quoted">
            <scope name="xml.tag.attribute.value.double-quoted">
                <starts-with>
                    <expression>(?&lt;=&apos;)</expression>
                </starts-with>
                <ends-with>
                    <expression>(?=&apos;)</expression>
                </ends-with>
                <subscopes>
                    <scope name="xml.tag.attribute.value.escape">
                        <expression>\\\\|\\&apos;</expression>
                    </scope>
                </subscopes>
            </scope>
        </collection>
    </collections>
</syntax>
