{
    "layouts": [
        {
            "name": "Left Sidebar",
            "leftSidebarSections": [
                {
                    "sidebars": ["files", "remote", "find", "symbols", "clips", "scm", "publish", "gallery"]
                }
            ],
            "leftSidebarThickness": 250.0
        },
        {
            "name": "Right Sidebar",
            "rightSidebarSections": [
                {
                    "sidebars": ["files", "remote", "find", "symbols", "clips", "scm", "publish", "gallery"]
                }
            ],
            "rightSidebarThickness": 250.0
        }
    ]
}
