<?xml version="1.0" encoding="UTF-8"?>
<syntax name="perl">
    <meta>
        <name>Perl</name>
        <type>script</type>
        <preferred-file-extension>pl</preferred-file-extension>
        <scriptable shebang="#!/usr/bin/env perl" />
    </meta>
    
    <detectors>
        <extension priority="1.0">pl,pm,t,pod,cgi</extension>
        <match-content lines="2" priority="1.0">\#\s*\-\*\-\s*mode:\s*perl</match-content>
        <match-content lines="5" priority="1.0">^#\s*vi:\s*(syntax|ft)=(perl)\b</match-content>
        <match-content lines="2" priority="0.7">\#\!.*?\bperl</match-content>
    </detectors>
    
    <identifiers>
        <prefixes>
            <string>$</string>
            <string>@</string>
            <string>%</string>
        </prefixes>
    </identifiers>
    
    <indentation>
        <increase>
            <expression>(\{[^}\"']*$)|(\[[^\]\"']*$)|(\([^)\"']*$)</expression>
        </increase>
        <decrease>
            <expression>^\s*(\s*/\*.*\*/\s*)*[\}\]\)\\]</expression>
        </decrease>
    </indentation>
    
    <comments>
        <single>
            <expression>#</expression>
        </single>
    </comments>
    
    <completions>
        <!-- "foo" -->
        <provider>
            <exclude-selector>string, comment</exclude-selector>
            
            <expression>(?&lt;!\.)(@|\$)?[a-zA-Z0-9_]</expression>
            
            <symbols type="function">
                <behavior>
                    <arguments prefix="(" suffix=")" separator=", " />
                </behavior>
            </symbols>
        </provider>
    </completions>
    
    <scopes>
        <include syntax="self" collection="comments" />
        <include syntax="self" collection="definitions" />
        <include syntax="self" collection="keywords" />
        <include syntax="self" collection="values" />
        <include syntax="self" collection="identifiers" />
        <include syntax="self" collection="blocks" />
        <include syntax="self" collection="syntax" />
    </scopes>
    
    <collections>
        <!-- Comments -->
        <collection name="comments">
            <scope name="perl.comment.single" spell-check="true">
                <expression>\#(.*)$</expression>
                <capture number="1" name="perl.comment.content" />
            </scope>
        </collection>
        
        <!-- Definitions -->
        <collection name="definitions">
            <scope name="perl.definition.function">
                <symbol type="function" />
                <expression>(sub)\s+([a-zA-Z_][a-zA-Z0-9_]*)</expression>
                <capture number="1" name="perl.keyword" />
                <capture number="2" name="perl.identifier.function.name" />
            </scope>
        </collection>
        
        <!-- Keywords -->
        <collection name="keywords">
            <scope name="perl.keyword">
                <strings>
                    <string>if</string>
                    <string>unless</string>
                    <string>else</string>
                    <string>elsif</string>
                    <string>while</string>
                    <string>until</string>
                    <string>for</string>
                    <string>each</string>
                    <string>foreach</string>
                    <string>next</string>
                    <string>last</string>
                    <string>break</string>
                    <string>continue</string>
                    <string>return</string>
                    <string>use</string>
                    <string>no</string>
                    <string>require</string>
                    <string>my</string>
                    <string>our</string>
                    <string>local</string>
                    <string>BEGIN</string>
                    <string>END</string>
                    <string>require</string>
                    <string>package</string>
                    <string>sub</string>
                    <string>do</string>
                    <string>__END__</string>
                    <string>__DATA__</string>
                    <string>__FILE__</string>
                    <string>__LINE__</string>
                    <string>__PACKAGE__</string>
                    <string>and</string>
                    <string>or</string>
                    <string>not</string>
                    <string>eq</string>
                    <string>ne</string>
                </strings>
            </scope>
            <scope name="perl.keyword.pragmas">
                <strings>
                    <string>strict</string>
                    <string>english</string>
                    <string>warnings</string>
                    <string>vars</string>
                    <string>subs</string>
                    <string>utf8</string>
                    <string>sigtrap</string>
                    <string>locale</string>
                    <string>open</string>
                    <string>less</string>
                    <string>integer</string>
                    <string>filetest</string>
                    <string>constant</string>
                    <string>bytes</string>
                    <string>diagnostics</string>
                </strings>
            </scope>
            <scope name="perl.keyword.function">
                <strings>
                    <string>abs</string>
                    <string>accept</string>
                    <string>alarm</string>
                    <string>atan2</string>
                    <string>bind</string>
                    <string>binmode</string>
                    <string>bless</string>
                    <string>caller</string>
                    <string>chdir</string>
                    <string>chmod</string>
                    <string>chomp</string>
                    <string>chop</string>
                    <string>chown</string>
                    <string>chr</string>
                    <string>chroot</string>
                    <string>close</string>
                    <string>closedir</string>
                    <string>connect</string>
                    <string>cos</string>
                    <string>crypt</string>
                    <string>dbmclose</string>
                    <string>dbmopen</string>
                    <string>defined</string>
                    <string>delete</string>
                    <string>die</string>
                    <string>dump</string>
                    <string>endgrent</string>
                    <string>endhostent</string>
                    <string>endnetent</string>
                    <string>endprotoent</string>
                    <string>endpwent</string>
                    <string>endservent</string>
                    <string>eof</string>
                    <string>eval</string>
                    <string>exec</string>
                    <string>exists</string>
                    <string>exit</string>
                    <string>exp</string>
                    <string>fcntl</string>
                    <string>fileno</string>
                    <string>flock</string>
                    <string>fork</string>
                    <string>format</string>
                    <string>formline</string>
                    <string>getc</string>
                    <string>getgrent</string>
                    <string>getgrgid</string>
                    <string>getgrnam</string>
                    <string>gethostbyaddr</string>
                    <string>gethostbyname</string>
                    <string>gethostent</string>
                    <string>getlogin</string>
                    <string>getnetbyaddr</string>
                    <string>getnetbyname</string>
                    <string>getnetent</string>
                    <string>getpeername</string>
                    <string>getpgrp</string>
                    <string>getppid</string>
                    <string>getpriority</string>
                    <string>getprotobyname</string>
                    <string>getprotobynumber</string>
                    <string>getprotoent</string>
                    <string>getpwent</string>
                    <string>getpwnam</string>
                    <string>getpwuid</string>
                    <string>getservbyname</string>
                    <string>getservbyport</string>
                    <string>getservent</string>
                    <string>getsockname</string>
                    <string>getsockopt</string>
                    <string>glob</string>
                    <string>gmtime</string>
                    <string>goto</string>
                    <string>grep</string>
                    <string>hex</string>
                    <string>import</string>
                    <string>index</string>
                    <string>int</string>
                    <string>ioctl</string>
                    <string>join</string>
                    <string>keys</string>
                    <string>kill</string>
                    <string>last</string>
                    <string>lc</string>
                    <string>lcfirst</string>
                    <string>length</string>
                    <string>link</string>
                    <string>listen</string>
                    <string>localtime</string>
                    <string>lock</string>
                    <string>log</string>
                    <string>lstat</string>
                    <string>map</string>
                    <string>mkdir</string>
                    <string>msgctl</string>
                    <string>msgget</string>
                    <string>msgrcv</string>
                    <string>msgsnd</string>
                    <string>oct</string>
                    <string>open</string>
                    <string>opendir</string>
                    <string>ord</string>
                    <string>pack</string>
                    <string>pipe</string>
                    <string>pop</string>
                    <string>pos</string>
                    <string>print</string>
                    <string>printf</string>
                    <string>prototype</string>
                    <string>push</string>
                    <string>quotemeta</string>
                    <string>rand</string>
                    <string>read</string>
                    <string>readdir</string>
                    <string>readline</string>
                    <string>readlink</string>
                    <string>recv</string>
                    <string>redo</string>
                    <string>ref</string>
                    <string>rename</string>
                    <string>reset</string>
                    <string>return</string>
                    <string>reverse</string>
                    <string>rewinddir</string>
                    <string>rindex</string>
                    <string>rmdir</string>
                    <string>scalar</string>
                    <string>seek</string>
                    <string>seekdir</string>
                    <string>select</string>
                    <string>semctl</string>
                    <string>semget</string>
                    <string>semop</string>
                    <string>send</string>
                    <string>setgrent</string>
                    <string>sethostent</string>
                    <string>setnetent</string>
                    <string>setpgrp</string>
                    <string>setpriority</string>
                    <string>setprotoent</string>
                    <string>setpwent</string>
                    <string>setservent</string>
                    <string>setsockopt</string>
                    <string>shift</string>
                    <string>shmctl</string>
                    <string>shmget</string>
                    <string>shmread</string>
                    <string>shmwrite</string>
                    <string>shutdown</string>
                    <string>sin</string>
                    <string>sleep</string>
                    <string>socket</string>
                    <string>socketpair</string>
                    <string>sort</string>
                    <string>splice</string>
                    <string>split</string>
                    <string>sprintf</string>
                    <string>sqrt</string>
                    <string>srand</string>
                    <string>stat</string>
                    <string>study</string>
                    <string>sub</string>
                    <string>substr</string>
                    <string>symlink</string>
                    <string>syscall</string>
                    <string>sysread</string>
                    <string>sysseek</string>
                    <string>system</string>
                    <string>syswrite</string>
                    <string>tell</string>
                    <string>telldir</string>
                    <string>tie</string>
                    <string>time</string>
                    <string>times</string>
                    <string>truncate</string>
                    <string>uc</string>
                    <string>ucfirst</string>
                    <string>umask</string>
                    <string>undef</string>
                    <string>unlink</string>
                    <string>unpack</string>
                    <string>unshift</string>
                    <string>untie</string>
                    <string>utime</string>
                    <string>values</string>
                    <string>vec</string>
                    <string>wait</string>
                    <string>waitpid</string>
                    <string>wantarray</string>
                    <string>warn</string>
                    <string>write</string>
                </strings>
            </scope>
        </collection>
        
        <!-- Values -->
        <collection name="values">
            <include syntax="self" collection="strings" />
            
            <scope name="perl.value.number.octal">
                <expression>\b(0)([0-7]+(_[0-7]+)*)\b</expression>
                <capture number="1" name="perl.value.number.octal.prefix" />
            </scope>
            <scope name="perl.value.number.hexadecimal">
                <expression>\b(0[xX])([a-fA-F0-9]+_)*[a-fA-F0-9]+\b</expression>
                <capture number="1" name="perl.value.number.hexadecimal.prefix" />
            </scope>
            <scope name="perl.value.number">
                <expression>
                    (-)? # sign
                    (
                        \b\d+(\.\d*)? # 0, 0., 0.0
                        | \.\d+ # .0
                    )
                    ((e|E)(\+|-)?\d+)? # exponent
                    \b
                </expression>
            </scope>
        </collection>
        
        <!-- Strings -->
        <collection name="strings">
            <scope name="perl.string.double-quoted">
                <expression>&quot;((?:[^&quot;\\]|\\.)*)(?:&quot;|$)</expression>
                <capture number="1" name="perl.string.double-quoted.text" />
            </scope>
            <scope name="perl.string.single-quoted">
                <expression>&apos;((?:[^&apos;\\]|\\.)*)(?:&apos;|$)</expression>
                <capture number="1" name="perl.string.single-quoted.text" />
            </scope>
            <scope name="perl.string.single-quoted">
                <expression>q([^\\q])((?:[^\1\\]|\\.)*)(?:\1|$)</expression>
                <capture number="1" name="perl.string.single-quoted.text" />
            </scope>
            <scope name="perl.string.regex">
                <expression>/([^/\\]|\\.)*(?:/|$)</expression>
                <capture number="1" name="perl.string.regex.text" />
            </scope>
        </collection>
        
        <!-- Identifiers -->
        <collection name="identifiers">
            <scope name="perl.identifier.variable.hash">
                <expression>\b%([a-zA-Z_][a-zA-Z0-9_]*)\b</expression>
            </scope>
            <scope name="perl.identifier.variable.array">
                <expression>\b@([a-zA-Z_][a-zA-Z0-9_]*)\b</expression>
            </scope>
            <scope name="perl.identifier.variable.scalar">
                <expression>\b\$([a-zA-Z_][a-zA-Z0-9_]*)\b</expression>
            </scope>
            <scope name="perl.identifier.property">
                <expression>\b(?&lt;=\.)([a-zA-Z_][a-zA-Z0-9_]*)(?!\()\b</expression>
            </scope>
            <scope name="perl.identifier.method">
                <expression>\b(?&lt;=\.)([a-zA-Z_][a-zA-Z0-9_]*)(?=\()\b</expression>
            </scope>
            <scope name="perl.identifier.function">
                <expression>\b(?&lt;!\.)([a-zA-Z_][a-zA-Z0-9_]*)(?=\()\b</expression>
            </scope>
            <scope name="perl.identifier">
                <expression>\b[a-zA-Z_][A-Za-z0-9_]*\b</expression>
            </scope>
        </collection>
        
        <!-- Blocks -->
        <collection name="blocks">
            <scope name="perl.block">
                <symbol type="block">
                    <context behavior="subtree" />
                </symbol>
                <starts-with>
                    <expression>\{</expression>
                    <capture number="0" name="perl.block.bracket" />
                </starts-with>
                <ends-with>
                    <expression>\}</expression>
                    <capture number="0" name="perl.block.bracket" />
                </ends-with>
                <subscopes>
                    <include syntax="self" />
                </subscopes>
            </scope>
        </collection>
        
        <!-- Syntax -->
        <collection name="syntax">
            <scope name="perl.bracket">
                <expression>[\(\[\)\]]</expression>
            </scope>
            <scope name="perl.operator">
                <expression>(\+|\-|\*|\*\*|/|%|\=|\=\=|!\=|\+\=|\-\=|\*\=|/\=|%\=|\*\*=|\&lt;|\&gt;|\&lt;\=|\&gt;=|!|&amp;&amp;|\|\|)</expression>
            </scope>
        </collection>
    </collections>
</syntax>
