<?xml version="1.0" encoding="UTF-8"?>
<syntax name="shell">
    <meta>
        <name>Shell Script</name>
        <type>script</type>
        <preferred-file-extension>sh</preferred-file-extension>
        <scriptable shebang="#!/bin/sh" />
    </meta>
    
    <detectors>
        <extension priority="1.0">sh,bashrc,bash_profile,zshrc,zprofile</extension>
        <match-content lines="1" priority="0.7">\#\!.*?\b(bash|zsh|sh|csh)</match-content>
    </detectors>
    
    <identifiers>
        <prefixes>
            <string>$</string>
        </prefixes>
    </identifiers>
    
    <indentation>
        <increase>
            <expression>(\{[^}\"']*$)|(\[[^\]\"']*$)|(\([^)\"']*$)</expression>
        </increase>
        <decrease>
            <expression>^\s*(\s*/\*.*\*/\s*)*[\}\]\)\\]</expression>
        </decrease>
    </indentation>
    
    <comments>
        <single>
            <expression>#</expression>
        </single>
    </comments>
    
    <tree-sitter language="bash">
        <highlights />
        <folds />
        <symbols />
    </tree-sitter>
    
    <scopes>
        <include syntax="self" collection="definitions" />
        <include syntax="self" collection="interpolation" />
        
        <!-- Keywords -->
        <scope name="shell.keyword">
            <strings prefix="(?&lt;=\s|^)">
                <string>case</string>
                <string>do</string>
                <string>done</string>
                <string>elif</string>
                <string>else</string>
                <string>esac</string>
                <string>export</string>
                <string>fi</string>
                <string>for</string>
                <string>function</string>
                <string>if</string>
                <string>in</string>
                <string>select</string>
                <string>then</string>
                <string>time</string>
                <string>until</string>
                <string>while</string>
            </strings>
        </scope>

        <scope name="shell.keyword.builtin-command">
            <strings prefix="(?:(?&lt;=[ \t\n\(])|(?:^))" suffix="\b">
                <string>alias</string>
                <string>bg</string>
                <string>bind</string>
                <string>break</string>
                <string>builtin</string>
                <string>caller</string>
                <string>cd</string>
                <string>command</string>
                <string>compgen</string>
                <string>complete</string>
                <string>compopt</string>
                <string>continue</string>
                <string>declare</string>
                <string>dirs</string>
                <string>disown</string>
                <string>echo</string>
                <string>enable</string>
                <string>eval</string>
                <string>exec</string>
                <string>exit</string>
                <string>export</string>
                <string>fc</string>
                <string>fg</string>
                <string>getopts</string>
                <string>hash</string>
                <string>help</string>
                <string>history</string>
                <string>jobs</string>
                <string>kill</string>
                <string>let</string>
                <string>local</string>
                <string>logout</string>
                <string>mapfile</string>
                <string>popd</string>
                <string>printf</string>
                <string>pushd</string>
                <string>pwd</string>
                <string>read</string>
                <string>readarray</string>
                <string>readonly</string>
                <string>return</string>
                <string>set</string>
                <string>shift</string>
                <string>shopt</string>
                <string>source</string>
                <string>suspend</string>
                <string>test</string>
                <string>times</string>
                <string>trap</string>
                <string>type</string>
                <string>typeset</string>
                <string>ulimit</string>
                <string>umask</string>
                <string>unalias</string>
                <string>unset</string>
                <string>wait</string>
            </strings>
        </scope>
        
        <include syntax="self" collection="values" />
        <include syntax="self" collection="identifiers" />
        
        <scope name="shell.keyword.extras">
            <strings prefix="(?:(?&lt;=[ \t\n\(])|(?:^))" suffix="\b">
                <string>aria2c</string>
                <string>base32</string>
                <string>cmake</string>
                <string>curl</string>
                <string>docker</string>
                <string>find</string>
                <string>gcc</string>
                <string>grep</string>
                <string>grub</string>
                <string>make</string>
                <string>mount</string>
                <string>node</string>
                <string>nodejs</string>
                <string>packer</string>
                <string>patch</string>
                <string>perl</string>
                <string>php</string>
                <string>php5</string>
                <string>php6</string>
                <string>php7</string>
                <string>python</string>
                <string>python2.7</string>
                <string>python2</string>
                <string>python3.4</string>
                <string>python3.5</string>
                <string>python3.6</string>
                <string>python3.7</string>
                <string>python3.8</string>
                <string>python3</string>
                <string>script/build</string>
                <string>script/grunt</string>
                <string>strings</string>
                <string>su</string>
                <string>sudo</string>
                <string>umount</string>
                <string>wget</string>
                <string>base64</string>
                <string>basename</string>
                <string>cat</string>
                <string>chcon</string>
                <string>chgrp</string>
                <string>chmod</string>
                <string>chown</string>
                <string>chroot</string>
                <string>cksum</string>
                <string>comm</string>
                <string>cp</string>
                <string>csplit</string>
                <string>cut</string>
                <string>date</string>
                <string>dd</string>
                <string>df</string>
                <string>dir</string>
                <string>dircolors</string>
                <string>dirname</string>
                <string>du</string>
                <string>echo</string>
                <string>env</string>
                <string>expand</string>
                <string>expr</string>
                <string>factor</string>
                <string>false</string>
                <string>fmt</string>
                <string>fold</string>
                <string>head</string>
                <string>hostid</string>
                <string>id</string>
                <string>install</string>
                <string>join</string>
                <string>link</string>
                <string>ln</string>
                <string>logname</string>
                <string>ls</string>
                <string>md5sum</string>
                <string>mkdir</string>
                <string>mkfifo</string>
                <string>mknod</string>
                <string>mktemp</string>
                <string>mv</string>
                <string>nice</string>
                <string>nl</string>
                <string>nohup</string>
                <string>nproc</string>
                <string>numfmt</string>
                <string>od</string>
                <string>paste</string>
                <string>pathchk</string>
                <string>pinky</string>
                <string>pr</string>
                <string>printenv</string>
                <string>printf</string>
                <string>ptx</string>
                <string>pwd</string>
                <string>readlink</string>
                <string>realpath</string>
                <string>rm</string>
                <string>rmdir</string>
                <string>runcon</string>
                <string>seq</string>
                <string>sha1sum</string>
                <string>sha224sum</string>
                <string>sha256sum</string>
                <string>sha384sum</string>
                <string>sha512sum</string>
                <string>shred</string>
                <string>shuf</string>
                <string>sleep</string>
                <string>sort</string>
                <string>split</string>
                <string>stat</string>
                <string>stdbuf</string>
                <string>stty</string>
                <string>sum</string>
                <string>sync</string>
                <string>tac</string>
                <string>tail</string>
                <string>tee</string>
                <string>test</string>
                <string>timeout</string>
                <string>touch</string>
                <string>tr</string>
                <string>true</string>
                <string>truncate</string>
                <string>tsort</string>
                <string>tty</string>
                <string>uname</string>
                <string>unexpand</string>
                <string>uniq</string>
                <string>unlink</string>
                <string>users</string>
                <string>vdir</string>
                <string>wc</string>
                <string>who</string>
                <string>whoami</string>
                <string>yes</string>
            </strings>
        </scope>
        
        <include syntax="self" collection="syntax" />
        <include syntax="self" collection="variables" />
        
        <!-- Syntax -->
        <scope name="shell.bracket">
            <expression>[\(\[\{\)\]\}]</expression>
        </scope>
        <scope name="shell.operator.argument">
            <expression>(?&lt;=\s)(\-[a-zA-Z0-9_]+)|(\-\-[a-zA-Z_][a-zA-Z0-9-_]*)</expression>
        </scope>
        <scope name="shell.operator">
            <expression>,|;|&amp;&amp;|&amp;|\|\||\||\^|==|=|!=|!|~|\+\+|\-\-|\+|\-|\*\*|\*|/|%|&lt;&lt;|&gt;&gt;|&lt;=|&gt;=|&lt;|&gt;|\$</expression>
        </scope>
        
        <!-- Comments -->
        <scope name="shell.comment.single" spell-check="true">
            <expression>\#.*$</expression>
        </scope>
    </scopes>
    
    <collections>
        <!-- Interpolation -->
        <collection name="interpolation">
            <scope name="shell.string-template">
                <starts-with>
                    <expression>\$\{</expression>
                    <capture number="0" name="shell.string-template" />
                </starts-with>
                <ends-with>
                    <expression>\}|(?=`)|(?:(?&lt;!\\)$)</expression>
                    <capture number="0" name="shell.string-template" />
                </ends-with>
            </scope>
        </collection>
        
        <!-- Definitions -->
        <collection name="definitions">
            <scope name="shell.definition.function">
                <symbol type="function" />
                <starts-with>
                    <expression>(?:(function)\s+)?([a-zA-Z_][a-zA-Z0-9_]*)\s*(?=\(\s*\))</expression>
                    <capture number="1" name="shell.keyword" />
                    <capture number="2" name="shell.identifier.function.name" />
                </starts-with>
                <ends-with>
                    <expression>(?=\{)|$</expression>
                </ends-with>
                <subscopes>
                    <scope name="shell.arguments">
                        <starts-with>
                            <expression>\(</expression>
                            <capture number="0" name="shell.bracket" />
                        </starts-with>
                        <ends-with>
                            <expression>\)|$</expression>
                            <capture number="0" name="shell.bracket" />
                        </ends-with>
                        <subscopes>
                            <scope name="shell.separator">
                                <expression>,</expression>
                            </scope>
                            <include syntax="self" collection="values" />
                            <include syntax="self" collection="identifiers" />
                            <include syntax="self" collection="syntax" />
                        </subscopes>
                    </scope>
                </subscopes>
            </scope>
        </collection>
        
        <!-- Variables -->
        <collection name="variables">
            <scope name="shell.identifier.variable">
                <symbol type="variable" scope="local" />
                <expression>(\$[a-zA-Z_\x7f-\xff0-9][a-zA-Z0-9_\x7f-\xff]*)</expression>
                <capture number="1" name="shell.identifier.name" />
            </scope>
        </collection>
        
        <!-- Values -->
        <collection name="values">
            <scope name="shell.escape">
                <expression>\\.</expression>
            </scope>
            
            <include syntax="self" collection="strings" />
            
            <scope name="shell.value.boolean">
                <strings>
                    <string>true</string>
                    <string>false</string>
                </strings>
            </scope>
            
            <scope name="shell.value.number">
                <expression>
                    (-)? # sign
                    (
                        \b\d+(\.\d*)? # 0, 0., 0.0
                        | \.\d+ # .0
                    )
                    ((e|E)(\+|-)?\d+)? # exponent
                    \b
                </expression>
            </scope>
        </collection>
        
        <!-- Strings -->
        <collection name="strings">
            <scope name="shell.string.double-quoted">
                <starts-with>
                    <expression>&quot;</expression>
                </starts-with>
                <ends-with>
                    <expression>(\\\\)*&quot;</expression>
                </ends-with>
                <subscopes>
                    <scope name="shell.string.double-quoted.escape">
                        <expression>\\(\\|&quot;)</expression>
                    </scope>
                    <include syntax="self" collection="interpolation" />
                    <include syntax="self" collection="variables" />
                </subscopes>
            </scope>
            <scope name="shell.string.single-quoted">
                <starts-with>
                    <expression>&apos;</expression>
                </starts-with>
                <ends-with>
                    <expression>(\\\\)*&apos;</expression>
                </ends-with>
                <subscopes>
                    <scope name="shell.string.single-quoted.escape">
                        <expression>\\(\\|&apos;)</expression>
                    </scope>
                    <include syntax="self" collection="interpolation" />
                </subscopes>
            </scope>
            <scope name="shell.string.backtick">
                <starts-with>
                    <expression>`</expression>
                </starts-with>
                <ends-with>
                    <expression>(\\\\)*`</expression>
                </ends-with>
                <subscopes>
                    <scope name="shell.string.backtick.escape">
                        <expression>\\(\\|`)</expression>
                    </scope>
                    <include syntax="self" collection="interpolation" />
                    <include syntax="self" collection="variables" />
                </subscopes>
            </scope>
            <scope name="shell.string.heredoc">
                <starts-with>
                    <expression>(&lt;&lt;-?)\s?([a-zA-Z0-9_\x7f-\xff]+)</expression>
                    <capture number="1" name="shell.string.heredoc.delimiter" />
                    <capture number="2" name="shell.string.heredoc.identifier" />
                </starts-with>
                <ends-with>
                    <template>^\s*($2)(;)?</template>
                    <capture number="1" name="shell.string.heredoc.identifier" />
                    <capture number="2" name="shell.string.heredoc.delimiter" />
                </ends-with>
                <subscopes>
                    <include syntax="self" collection="interpolation" />
                    <include syntax="self" collection="variables" />
                </subscopes>
            </scope>
        </collection>
        
        <!-- Identifiers -->
        <collection name="identifiers">
            <scope name="shell.identifier.global.argument">
                <expression>\$(0|(?:[1-9][0-9]*))</expression>
            </scope>
            <scope name="shell.identifier.variable">
                <expression>(\b[a-zA-Z_][A-Za-z0-9_]*)(?==)</expression>
            </scope>
            <scope name="shell.identifier.function">
                <expression>\b(?&lt;!\.)([a-zA-Z_][a-zA-Z0-9_]*)(?=\()\b</expression>
            </scope>
            <scope name="shell.identifier">
                <expression>\b[a-zA-Z_][A-Za-z0-9_]*\b</expression>
            </scope>
            <scope name="shell.identifier.global.special">
                <expression>\$[\!\#\$\*\-\?\@\_\&lt;]</expression>
            </scope>
        </collection>
    </collections>
</syntax>
