<?xml version="1.0" encoding="UTF-8"?>
<completions>
    <provider name="pseudoelements">
        <syntax>css</syntax>
        
        <query>(pseudo_element_selector)</query>
        
        <expression>(?&lt;=::)[a-zA-Z0-9-]*</expression>
        
        <set>css.pseudoelements</set>
    </provider>
    <provider name="pseudoclasses">
        <syntax>css</syntax>
        
        <query>(pseudo_class_selector)</query>
        
        <expression>(?&lt;!::)(?&lt;=:)[a-zA-Z0-9-]*</expression>
        
        <set>css.pseudoclasses</set>
    </provider>
    
    <set name="css.pseudoclasses" symbol="style-pseudoclass">
        <completion string="active" />
        <completion string="any-link" />
        <completion string="blank" />
        <completion string="checked" />
        <completion string="default" />
        <completion string="defined" />
        <completion string="disabled" />
        <completion string="empty" />
        <completion string="enabled" />
        <completion string="first" />
        <completion string="first-child" />
        <completion string="first-of-type" />
        <completion string="fullscreen" />
        <completion string="focus" />
        <completion string="focus-visible" />
        <completion string="focus-within" />
        <completion string="host" />
        <completion string="hover" />
        <completion string="indeterminate" />
        <completion string="in-range" />
        <completion string="invalid" />
        <completion string="last-child" />
        <completion string="last-of-type" />
        <completion string="left" />
        <completion string="link" />
        <completion string="not" />
        <completion string="nth-child" />
        <completion string="nth-last-child" />
        <completion string="nth-last-of-type" />
        <completion string="nth-of-type" />
        <completion string="only-child" />
        <completion string="only-of-type" />
        <completion string="optional" />
        <completion string="out-of-range" />
        <completion string="placeholder-shown" />
        <completion string="read-only" />
        <completion string="read-write" />
        <completion string="required" />
        <completion string="right" />
        <completion string="root" />
        <completion string="scope" />
        <completion string="state" />
        <completion string="target" />
        <completion string="valid" />
        <completion string="visited" />
        <completion string="where" />
    </set>
    
    <set name="css.pseudoelements" symbol="style-pseudoelement">
        <completion string="after" />
        <completion string="backdrop" />
        <completion string="before" />
        <completion string="cue" />
        <completion string="cue-region" />
        <completion string="first-letter" />
        <completion string="first-line" />
        <completion string="grammar-error" />
        <completion string="marker" />
        <completion string="part" />
        <completion string="placeholder" />
        <completion string="selection" />
        <completion string="slotted" />
        <completion string="spelling-error" />
    </set>
</completions>
