<?xml version="1.0" encoding="UTF-8"?>
<completions>
    <!-- Predicates -->
    <provider name="predicates">
        <syntax>tsq</syntax>
        
        <exclude-selector>comment</exclude-selector>
        
        <trigger>#-</trigger>
        
        <expression>(?&lt;=\(#)([a-zA-Z0-9_-]+(\?|!)?)?</expression>
        
        <set>tsq.predicates</set>
    </provider>
    
    <set name="tsq.predicates" symbol="expression">
        <completion string="eq?">
            <behavior>
                <append> $[capture] $[value]</append>
            </behavior>
            <description>
                Enforces a match only if a capture is equal to a string.
            </description>
        </completion>
        <completion string="not-eq?">
            <behavior>
                <append> $[capture] $[value]</append>
            </behavior>
            <description>
                Enforces a match only if a capture is not equal to a string.
            </description>
        </completion>
        <completion string="match?">
            <behavior>
                <append> $[capture] $[pattern]</append>
            </behavior>
            <description>
                Enforces a match only if a capture matches a regex pattern.
            </description>
        </completion>
        <completion string="not-match?">
            <behavior>
                <append> $[capture] $[pattern]</append>
            </behavior>
            <description>
                Enforces a match only if a capture does not match a regex pattern.
            </description>
        </completion>
        <completion string="set!">
            <behavior>
                <append> $[property] $[value]</append>
            </behavior>
            <description>
                Sets the value of a property. If no value is provided it is simply marked as "set".
            </description>
        </completion>
        <completion string="set-if-eq!">
            <behavior>
                <append> $[capture] $[compareValue] $[property] $[setValue]</append>
            </behavior>
            <description>
                Sets the value of a property only if a capture is equal to a string. If no value is provided it is simply marked as "set".
            </description>
        </completion>
        <completion string="set-if-not-eq!">
            <behavior>
                <append> $[capture] $[compareValue] $[property] $[setValue]</append>
            </behavior>
            <description>
                Sets the value of a property only if a capture is not equal to a string. If no value is provided it is simply marked as "set".
            </description>
        </completion>
        <completion string="set-if-match!">
            <behavior>
                <append> $[capture] $[pattern] $[property] $[value]</append>
            </behavior>
            <description>
                Sets the value of a property only if a capture matches a regex pattern. If no value is provided it is simply marked as "set".
            </description>
        </completion>
        <completion string="set-if-not-match!">
            <behavior>
                <append> $[capture] $[pattern] $[property] $[value]</append>
            </behavior>
            <description>
                Sets the value of a property only if a capture does not match a regex pattern. If no value is provided it is simply marked as "set".
            </description>
        </completion>
        <completion string="set-by-case-eq!">
            <behavior>
                <append><![CDATA[ $[capture] $[property]
  $[compValue1] $[setValue1]
  $[compValue2] $[setValue2]
  $[elseValue]]]></append>
            </behavior>
            <description>
                Sets the value of a property based on a list of cases. The first case whose "compare" value is equal to the capture will have its "set" value set. If no case matches, an optional "else" value is set.
            </description>
        </completion>
        <completion string="set-by-case-match!">
            <behavior>
                <append><![CDATA[ $[capture] $[key]
  $[pattern1] $[setValue1]
  $[pattern2] $[setValue2]
  $[elseValue]]]></append>
            </behavior>
            <description>
                Sets the value of a property based on a list of cases. The first case whose regex pattern matches the capture will have its "set" value set. If no case matches, an optional "else" value is set.
            </description>
        </completion>
        <completion string="is?">
            <behavior>
                <append> $[key] $[value]</append>
            </behavior>
            <description>
                Enforces a match only if a property is set. If a value is provided the property must be set to that value. If no value is provided it must be set in general.
            </description>
        </completion>
        <completion string="is-not?">
            <behavior>
                <append> $[key] $[value]</append>
            </behavior>
            <description>
                Enforces a match only if a property is not set. If a value is provided the property must not be set to that value. If no value is provided it must not be set at all.
            </description>
        </completion>
        <completion string="prefix!">
            <behavior>
                <append> $[capture] $[value]</append>
            </behavior>
            <description>
                Prefixes a string onto the result of a capture. This has no effect on the capture for comparisons (such as "eq?").
            </description>
        </completion>
        <completion string="append!">
            <behavior>
                <append> $[capture] $[value]</append>
            </behavior>
            <description>
                Appends a string onto the result of a capture. This has no effect on the capture for comparisons (such as "eq?").
            </description>
        </completion>
        <completion string="strip!">
            <behavior>
                <append> $[capture] $[pattern]</append>
            </behavior>
            <description>
                Strips characters matching a regex pattern from the ends of the result of a capture. This has no effect on the capture for comparisons (such as "eq?").
            </description>
        </completion>
        <completion string="replace!">
            <behavior>
                <append> $[capture] $[pattern] $[replaceTemplate]</append>
            </behavior>
            <description>
                Performs a regex replace on the result of a capture. The template may use backreferences from the pattern. This has no effect on the capture for comparisons (such as "eq?").
            </description>
        </completion>
    </set>
</completions>
