<?xml version="1.0" encoding="UTF-8"?>
<syntax name="diff">
    <meta>
        <name>Diff</name>
        <type>structured</type>
        <preferred-file-extension>diff</preferred-file-extension>
    </meta>
    
    <detectors>
        <extension priority="1.0">diff,patch</extension>
    </detectors>
    
    <tree-sitter>
        <highlights />
    </tree-sitter>
    
    <scopes>
        <scope name="diff.index">
            <expression>^Index:\s+(.*)$</expression>
            <capture number="1" name="diff.index.name" />
        </scope>
        <scope name="diff.processing.timestamp">
            <expression>^(---|\+\+\+)\s*.*\s*$</expression>
        </scope>
        <scope name="diff.processing.location">
            <expression>^@@.*$</expression>
        </scope>
        <scope name="diff.change.add">
            <expression>^\+.*$</expression>
        </scope>
        <scope name="diff.change.delete">
            <expression>^-.*$</expression>
        </scope>
        <scope name="diff.change.modify">
            <expression>^!.*$</expression>
        </scope>
    </scopes>
</syntax>
