<?xml version="1.0" encoding="UTF-8"?>
<completions>
    <set name="php.core.functions.bcmath">
        <completion string="bcadd">
            <behavior symbol="function">
                <append>($[$num1], $[$num2])</append>
            </behavior>
        </completion>
        <completion string="bccomp">
            <behavior symbol="function">
                <append>($[$num1], $[$num2])</append>
            </behavior>
        </completion>
        <completion string="bcdiv">
            <behavior symbol="function">
                <append>($[$num1], $[$num2])</append>
            </behavior>
        </completion>
        <completion string="bcmod">
            <behavior symbol="function">
                <append>($[$num1], $[$num2])</append>
            </behavior>
        </completion>
        <completion string="bcmul">
            <behavior symbol="function">
                <append>($[$num1], $[$num2])</append>
            </behavior>
        </completion>
        <completion string="bcpow">
            <behavior symbol="function">
                <append>($[$num], $[$exponent])</append>
            </behavior>
        </completion>
        <completion string="bcpowmod">
            <behavior symbol="function">
                <append>($[$num], $[$exponent], $[$modulus])</append>
            </behavior>
        </completion>
        <completion string="bcscale">
            <behavior symbol="function">
                <append>($[$scale])</append>
            </behavior>
        </completion>
        <completion string="bcsqrt">
            <behavior symbol="function">
                <append>($[$num])</append>
            </behavior>
        </completion>
        <completion string="bcsub">
            <behavior symbol="function">
                <append>($[$num1], $[$num2])</append>
            </behavior>
        </completion>
    </set>
</completions>
