<?xml version="1.0" encoding="UTF-8"?>
<completions>
    <set name="php.core.functions.eio">
        <completion string="eio_busy">
            <behavior symbol="function">
                <append>($[$delay])</append>
            </behavior>
        </completion>
        <completion string="eio_cancel">
            <behavior symbol="function">
                <append>($[$req])</append>
            </behavior>
        </completion>
        <completion string="eio_chmod">
            <behavior symbol="function">
                <append>($[$path], $[$mode])</append>
            </behavior>
        </completion>
        <completion string="eio_chown">
            <behavior symbol="function">
                <append>($[$path], $[$uid])</append>
            </behavior>
        </completion>
        <completion string="eio_close">
            <behavior symbol="function">
                <append>($[$fd])</append>
            </behavior>
        </completion>
        <completion string="eio_custom">
            <behavior symbol="function">
                <append>($[$execute], $[$pri], $[$callback])</append>
            </behavior>
        </completion>
        <completion string="eio_dup2">
            <behavior symbol="function">
                <append>($[$fd], $[$fd2])</append>
            </behavior>
        </completion>
        <completion string="eio_event_loop">
            <behavior symbol="function">
                <append>()</append>
            </behavior>
        </completion>
        <completion string="eio_fallocate">
            <behavior symbol="function">
                <append>($[$fd], $[$mode], $[$offset], $[$length])</append>
            </behavior>
        </completion>
        <completion string="eio_fchmod">
            <behavior symbol="function">
                <append>($[$fd], $[$mode])</append>
            </behavior>
        </completion>
        <completion string="eio_fchown">
            <behavior symbol="function">
                <append>($[$fd], $[$uid])</append>
            </behavior>
        </completion>
        <completion string="eio_fdatasync">
            <behavior symbol="function">
                <append>($[$fd])</append>
            </behavior>
        </completion>
        <completion string="eio_fstat">
            <behavior symbol="function">
                <append>($[$fd], $[$pri], $[$callback])</append>
            </behavior>
        </completion>
        <completion string="eio_fstatvfs">
            <behavior symbol="function">
                <append>($[$fd], $[$pri], $[$callback])</append>
            </behavior>
        </completion>
        <completion string="eio_fsync">
            <behavior symbol="function">
                <append>($[$fd])</append>
            </behavior>
        </completion>
        <completion string="eio_ftruncate">
            <behavior symbol="function">
                <append>($[$fd], $[$offset])</append>
            </behavior>
        </completion>
        <completion string="eio_futime">
            <behavior symbol="function">
                <append>($[$fd], $[$atime], $[$mtime])</append>
            </behavior>
        </completion>
        <completion string="eio_get_event_stream">
            <behavior symbol="function">
                <append>()</append>
            </behavior>
        </completion>
        <completion string="eio_get_last_error">
            <behavior symbol="function">
                <append>($[$req])</append>
            </behavior>
        </completion>
        <completion string="eio_grp_add">
            <behavior symbol="function">
                <append>($[$grp], $[$req])</append>
            </behavior>
        </completion>
        <completion string="eio_grp_cancel">
            <behavior symbol="function">
                <append>($[$grp])</append>
            </behavior>
        </completion>
        <completion string="eio_grp_limit">
            <behavior symbol="function">
                <append>($[$grp], $[$limit])</append>
            </behavior>
        </completion>
        <completion string="eio_grp">
            <behavior symbol="function">
                <append>($[$callback])</append>
            </behavior>
        </completion>
        <completion string="eio_init">
            <behavior symbol="function">
                <append>()</append>
            </behavior>
        </completion>
        <completion string="eio_link">
            <behavior symbol="function">
                <append>($[$path], $[$new_path])</append>
            </behavior>
        </completion>
        <completion string="eio_lstat">
            <behavior symbol="function">
                <append>($[$path], $[$pri], $[$callback])</append>
            </behavior>
        </completion>
        <completion string="eio_mkdir">
            <behavior symbol="function">
                <append>($[$path], $[$mode])</append>
            </behavior>
        </completion>
        <completion string="eio_mknod">
            <behavior symbol="function">
                <append>($[$path], $[$mode], $[$dev])</append>
            </behavior>
        </completion>
        <completion string="eio_nop">
            <behavior symbol="function">
                <append>()</append>
            </behavior>
        </completion>
        <completion string="eio_npending">
            <behavior symbol="function">
                <append>()</append>
            </behavior>
        </completion>
        <completion string="eio_nready">
            <behavior symbol="function">
                <append>()</append>
            </behavior>
        </completion>
        <completion string="eio_nreqs">
            <behavior symbol="function">
                <append>()</append>
            </behavior>
        </completion>
        <completion string="eio_nthreads">
            <behavior symbol="function">
                <append>()</append>
            </behavior>
        </completion>
        <completion string="eio_open">
            <behavior symbol="function">
                <append>($[$path], $[$flags], $[$mode], $[$pri], $[$callback])</append>
            </behavior>
        </completion>
        <completion string="eio_poll">
            <behavior symbol="function">
                <append>()</append>
            </behavior>
        </completion>
        <completion string="eio_read">
            <behavior symbol="function">
                <append>($[$fd], $[$length], $[$offset], $[$pri], $[$callback])</append>
            </behavior>
        </completion>
        <completion string="eio_readahead">
            <behavior symbol="function">
                <append>($[$fd], $[$offset], $[$length])</append>
            </behavior>
        </completion>
        <completion string="eio_readdir">
            <behavior symbol="function">
                <append>($[$path], $[$flags], $[$pri], $[$callback])</append>
            </behavior>
        </completion>
        <completion string="eio_readlink">
            <behavior symbol="function">
                <append>($[$path], $[$pri], $[$callback])</append>
            </behavior>
        </completion>
        <completion string="eio_realpath">
            <behavior symbol="function">
                <append>($[$path], $[$pri], $[$callback])</append>
            </behavior>
        </completion>
        <completion string="eio_rename">
            <behavior symbol="function">
                <append>($[$path], $[$new_path])</append>
            </behavior>
        </completion>
        <completion string="eio_rmdir">
            <behavior symbol="function">
                <append>($[$path])</append>
            </behavior>
        </completion>
        <completion string="eio_seek">
            <behavior symbol="function">
                <append>($[$fd], $[$offset], $[$whence])</append>
            </behavior>
        </completion>
        <completion string="eio_sendfile">
            <behavior symbol="function">
                <append>($[$out_fd], $[$in_fd], $[$offset], $[$length])</append>
            </behavior>
        </completion>
        <completion string="eio_set_max_idle">
            <behavior symbol="function">
                <append>($[$nthreads])</append>
            </behavior>
        </completion>
        <completion string="eio_set_max_parallel">
            <behavior symbol="function">
                <append>($[$nthreads])</append>
            </behavior>
        </completion>
        <completion string="eio_set_max_poll_reqs">
            <behavior symbol="function">
                <append>($[$nrequests])</append>
            </behavior>
        </completion>
        <completion string="eio_set_max_poll_time">
            <behavior symbol="function">
                <append>($[$nseconds])</append>
            </behavior>
        </completion>
        <completion string="eio_set_min_parallel">
            <behavior symbol="function">
                <append>($[$nthreads])</append>
            </behavior>
        </completion>
        <completion string="eio_stat">
            <behavior symbol="function">
                <append>($[$path], $[$pri], $[$callback])</append>
            </behavior>
        </completion>
        <completion string="eio_statvfs">
            <behavior symbol="function">
                <append>($[$path], $[$pri], $[$callback])</append>
            </behavior>
        </completion>
        <completion string="eio_symlink">
            <behavior symbol="function">
                <append>($[$path], $[$new_path])</append>
            </behavior>
        </completion>
        <completion string="eio_sync_file_range">
            <behavior symbol="function">
                <append>($[$fd], $[$offset], $[$nbytes], $[$flags])</append>
            </behavior>
        </completion>
        <completion string="eio_sync">
            <behavior symbol="function">
                <append>()</append>
            </behavior>
        </completion>
        <completion string="eio_syncfs">
            <behavior symbol="function">
                <append>($[$fd])</append>
            </behavior>
        </completion>
        <completion string="eio_truncate">
            <behavior symbol="function">
                <append>($[$path], $[$offset])</append>
            </behavior>
        </completion>
        <completion string="eio_unlink">
            <behavior symbol="function">
                <append>($[$path])</append>
            </behavior>
        </completion>
        <completion string="eio_utime">
            <behavior symbol="function">
                <append>()</append>
            </behavior>
        </completion>
        <completion string="eio_write">
            <behavior symbol="function">
                <append>($[$fd], $[&amp;$str])</append>
            </behavior>
        </completion>
    </set>
</completions>
