<?xml version="1.0" encoding="UTF-8"?>
<completions>
    <set name="php.core.functions.ftp">
        <completion string="ftp_alloc">
            <behavior symbol="function">
                <append>($[$ftp], $[$size])</append>
            </behavior>
        </completion>
        <completion string="ftp_append">
            <behavior symbol="function">
                <append>($[$ftp], $[$remote_filename], $[$local_filename])</append>
            </behavior>
        </completion>
        <completion string="ftp_cdup">
            <behavior symbol="function">
                <append>($[$ftp])</append>
            </behavior>
        </completion>
        <completion string="ftp_chdir">
            <behavior symbol="function">
                <append>($[$ftp], $[$directory])</append>
            </behavior>
        </completion>
        <completion string="ftp_chmod">
            <behavior symbol="function">
                <append>($[$ftp], $[$permissions], $[$filename])</append>
            </behavior>
        </completion>
        <completion string="ftp_close">
            <behavior symbol="function">
                <append>($[$ftp])</append>
            </behavior>
        </completion>
        <completion string="ftp_connect">
            <behavior symbol="function">
                <append>($[$host])</append>
            </behavior>
        </completion>
        <completion string="ftp_delete">
            <behavior symbol="function">
                <append>($[$ftp], $[$filename])</append>
            </behavior>
        </completion>
        <completion string="ftp_exec">
            <behavior symbol="function">
                <append>($[$ftp], $[$command])</append>
            </behavior>
        </completion>
        <completion string="ftp_fget">
            <behavior symbol="function">
                <append>($[$ftp], $[$stream], $[$remote_filename])</append>
            </behavior>
        </completion>
        <completion string="ftp_fput">
            <behavior symbol="function">
                <append>($[$ftp], $[$remote_filename], $[$stream])</append>
            </behavior>
        </completion>
        <completion string="ftp_get_option">
            <behavior symbol="function">
                <append>($[$ftp], $[$option])</append>
            </behavior>
        </completion>
        <completion string="ftp_get">
            <behavior symbol="function">
                <append>($[$ftp], $[$local_filename], $[$remote_filename])</append>
            </behavior>
        </completion>
        <completion string="ftp_login">
            <behavior symbol="function">
                <append>($[$ftp], $[$username], $[$password])</append>
            </behavior>
        </completion>
        <completion string="ftp_mdtm">
            <behavior symbol="function">
                <append>($[$ftp], $[$filename])</append>
            </behavior>
        </completion>
        <completion string="ftp_mkdir">
            <behavior symbol="function">
                <append>($[$ftp], $[$directory])</append>
            </behavior>
        </completion>
        <completion string="ftp_mlsd">
            <behavior symbol="function">
                <append>($[$ftp], $[$directory])</append>
            </behavior>
        </completion>
        <completion string="ftp_nb_continue">
            <behavior symbol="function">
                <append>($[$ftp])</append>
            </behavior>
        </completion>
        <completion string="ftp_nb_fget">
            <behavior symbol="function">
                <append>($[$ftp], $[$handle], $[$remote_filename])</append>
            </behavior>
        </completion>
        <completion string="ftp_nb_fput">
            <behavior symbol="function">
                <append>($[$ftp], $[$remote_file], $[$stream])</append>
            </behavior>
        </completion>
        <completion string="ftp_nb_get">
            <behavior symbol="function">
                <append>($[$ftp], $[$local_file], $[$remote_filename])</append>
            </behavior>
        </completion>
        <completion string="ftp_nb_put">
            <behavior symbol="function">
                <append>($[$ftp], $[$remote_filename], $[$local_filename])</append>
            </behavior>
        </completion>
        <completion string="ftp_nlist">
            <behavior symbol="function">
                <append>($[$ftp], $[$directory])</append>
            </behavior>
        </completion>
        <completion string="ftp_pasv">
            <behavior symbol="function">
                <append>($[$ftp], $[$pasv])</append>
            </behavior>
        </completion>
        <completion string="ftp_put">
            <behavior symbol="function">
                <append>($[$ftp], $[$remote_filename], $[$local_filename])</append>
            </behavior>
        </completion>
        <completion string="ftp_pwd">
            <behavior symbol="function">
                <append>($[$ftp])</append>
            </behavior>
        </completion>
        <completion string="ftp_quit">
            <behavior symbol="function">
                <append>($[$ftp])</append>
            </behavior>
        </completion>
        <completion string="ftp_raw">
            <behavior symbol="function">
                <append>($[$ftp], $[$command])</append>
            </behavior>
        </completion>
        <completion string="ftp_rawlist">
            <behavior symbol="function">
                <append>($[$ftp], $[$directory])</append>
            </behavior>
        </completion>
        <completion string="ftp_rename">
            <behavior symbol="function">
                <append>($[$ftp], $[$from], $[$to])</append>
            </behavior>
        </completion>
        <completion string="ftp_rmdir">
            <behavior symbol="function">
                <append>($[$ftp], $[$directory])</append>
            </behavior>
        </completion>
        <completion string="ftp_set_option">
            <behavior symbol="function">
                <append>($[$ftp], $[$option], $[$value])</append>
            </behavior>
        </completion>
        <completion string="ftp_site">
            <behavior symbol="function">
                <append>($[$ftp], $[$command])</append>
            </behavior>
        </completion>
        <completion string="ftp_ssl_connect">
            <behavior symbol="function">
                <append>($[$host])</append>
            </behavior>
        </completion>
        <completion string="ftp_size">
            <behavior symbol="function">
                <append>($[$ftp], $[$filename])</append>
            </behavior>
        </completion>
        <completion string="ftp_systype">
            <behavior symbol="function">
                <append>($[$ftp])</append>
            </behavior>
        </completion>
    </set>
</completions>
