<?xml version="1.0" encoding="UTF-8"?>
<completions>
    <set name="php.core.functions.inotify">
        <completion string="inotify_add_watch">
            <behavior symbol="function">
                <append>($[$inotify_instance], $[$pathname], $[$mask])</append>
            </behavior>
        </completion>
        <completion string="inotify_init">
            <behavior symbol="function">
                <append>()</append>
            </behavior>
        </completion>
        <completion string="inotify_queue_len">
            <behavior symbol="function">
                <append>($[$inotify_instance])</append>
            </behavior>
        </completion>
        <completion string="inotify_read">
            <behavior symbol="function">
                <append>($[$inotify_instance])</append>
            </behavior>
        </completion>
        <completion string="inotify_rm_watch">
            <behavior symbol="function">
                <append>($[$inotify_instance], $[$watch_descriptor])</append>
            </behavior>
        </completion>
    </set>
</completions>
