<?xml version="1.0" encoding="UTF-8"?>
<completions>
    <set name="php.core.functions.json">
        <completion string="json_decode">
            <behavior symbol="function">
                <append>($[$json])</append>
            </behavior>
        </completion>
        <completion string="json_encode">
            <behavior symbol="function">
                <append>($[$value])</append>
            </behavior>
        </completion>
        <completion string="json_last_error_msg">
            <behavior symbol="function">
                <append>()</append>
            </behavior>
        </completion>
        <completion string="json_last_error">
            <behavior symbol="function">
                <append>()</append>
            </behavior>
        </completion>
    </set>
</completions>
