<?xml version="1.0" encoding="UTF-8"?>
<completions>
    <set name="php.core.functions.mbstring" symbol="function">
        <completion string="mb_check_encoding">
            <behavior symbol="function">
                <append>($[$value], $[$encoding])</append>
            </behavior>
        </completion>
        <completion string="mb_chr">
            <behavior symbol="function">
                <append>($[$codepoint], $[$encoding])</append>
            </behavior>
        </completion>
        <completion string="mb_convert_case">
            <behavior symbol="function">
                <append>($[$string], $[$mode], $[$encoding])</append>
            </behavior>
        </completion>
        <completion string="mb_convert_encoding">
            <behavior symbol="function">
                <append>($[$string], $[$to_encoding], $[$from_encoding])</append>
            </behavior>
        </completion>
        <completion string="mb_convert_kana">
            <behavior symbol="function">
                <append>($[$string], $[$mode], $[$encoding])</append>
            </behavior>
        </completion>
        <completion string="mb_convert_variables">
            <behavior symbol="function">
                <append>($[$to_encoding], $[$from_encoding], $[$var], $[...$vars])</append>
            </behavior>
        </completion>
        <completion string="mb_decode_mimeheader">
            <behavior symbol="function">
                <append>($[$string])</append>
            </behavior>
        </completion>
        <completion string="mb_decode_numericentity">
            <behavior symbol="function">
                <append>($[$string], $[$map], $[$encoding])</append>
            </behavior>
        </completion>
        <completion string="mb_detect_encoding">
            <behavior symbol="function">
                <append>($[$string], $[$encodings], $[$strict])</append>
            </behavior>
        </completion>
        <completion string="mb_detect_order">
            <behavior symbol="function">
                <append>($[$encoding])</append>
            </behavior>
        </completion>
        <completion string="mb_encode_mimeheader">
            <behavior symbol="function">
                <append>($[$string], $[$charset], $[$transfer_encoding], $[$newline], $[$indent])</append>
            </behavior>
        </completion>
        <completion string="mb_encode_numericentity">
            <behavior symbol="function">
                <append>($[$string], $[$map], $[$encoding], $[$hex])</append>
            </behavior>
        </completion>
        <completion string="mb_encoding_aliases">
            <behavior symbol="function">
                <append>($[$encoding])</append>
            </behavior>
        </completion>
        <completion string="mb_ereg_match">
            <behavior symbol="function">
                <append>($[$pattern], $[$string], $[$options])</append>
            </behavior>
        </completion>
        <completion string="mb_ereg_replace_callback">
            <behavior symbol="function">
                <append>($[$pattern], $[$callback], $[$string], $[$options])</append>
            </behavior>
        </completion>
        <completion string="mb_ereg_replace">
            <behavior symbol="function">
                <append>($[$pattern], $[$replacement], $[$string], $[$options])</append>
            </behavior>
        </completion>
        <completion string="mb_ereg_search_getpos">
            <behavior symbol="function">
                <append>()</append>
            </behavior>
        </completion>
        <completion string="mb_ereg_search_getregs">
            <behavior symbol="function">
                <append>()</append>
            </behavior>
        </completion>
        <completion string="mb_ereg_search_init">
            <behavior symbol="function">
                <append>($[$string], $[$pattern], $[$options])</append>
            </behavior>
        </completion>
        <completion string="mb_ereg_search_pos">
            <behavior symbol="function">
                <append>($[$pattern], $[$options])</append>
            </behavior>
        </completion>
        <completion string="mb_ereg_search_regs">
            <behavior symbol="function">
                <append>($[$pattern], $[$options])</append>
            </behavior>
        </completion>
        <completion string="mb_ereg_search_setpos">
            <behavior symbol="function">
                <append>($[offset])</append>
            </behavior>
        </completion>
        <completion string="mb_ereg_search">
            <behavior symbol="function">
                <append>($[$pattern], $[$options])</append>
            </behavior>
        </completion>
        <completion string="mb_ereg">
            <behavior symbol="function">
                <append>($[$pattern], $[$string], $[&amp;$matches])</append>
            </behavior>
        </completion>
        <completion string="mb_eregi_replace">
            <behavior symbol="function">
                <append>($[$pattern], $[$replacement], $[$string], $[$options])</append>
            </behavior>
        </completion>
        <completion string="mb_eregi">
            <behavior symbol="function">
                <append>($[$pattern], $[$string], $[&amp;$matches])</append>
            </behavior>
        </completion>
        <completion string="mb_get_info">
            <behavior symbol="function">
                <append>($[$type])</append>
            </behavior>
        </completion>
        <completion string="mb_http_input">
            <behavior symbol="function">
                <append>($[$type])</append>
            </behavior>
        </completion>
        <completion string="mb_http_output">
            <behavior symbol="function">
                <append>($[$encoding])</append>
            </behavior>
        </completion>
        <completion string="mb_internal_encoding">
            <behavior symbol="function">
                <append>($[$encoding])</append>
            </behavior>
        </completion>
        <completion string="mb_language">
            <behavior symbol="function">
                <append>($[$language])</append>
            </behavior>
        </completion>
        <completion string="mb_list_encodings">
            <behavior symbol="function">
                <append>()</append>
            </behavior>
        </completion>
        <completion string="mb_ord">
            <behavior symbol="function">
                <append>($[$string], $[$encoding])</append>
            </behavior>
        </completion>
        <completion string="mb_output_handler">
            <behavior symbol="function">
                <append>($[$string], $[$status])</append>
            </behavior>
        </completion>
        <completion string="mb_parse_str">
            <behavior symbol="function">
                <append>($[$string], $[&amp;$result])</append>
            </behavior>
        </completion>
        <completion string="mb_preferred_mime_name">
            <behavior symbol="function">
                <append>($[$encoding])</append>
            </behavior>
        </completion>
        <completion string="mb_regex_encoding">
            <behavior symbol="function">
                <append>($[$encoding])</append>
            </behavior>
        </completion>
        <completion string="mb_regex_set_options">
            <behavior symbol="function">
                <append>($[$options])</append>
            </behavior>
        </completion>
        <completion string="mb_scrub">
            <behavior symbol="function">
                <append>($[$string], $[$encoding])</append>
            </behavior>
        </completion>
        <completion string="mb_send_mail">
            <behavior symbol="function">
                <append>($[$to], $[$subject], $[$message], $[$additional_headers], $[$additional_params])</append>
            </behavior>
        </completion>
        <completion string="mb_split">
            <behavior symbol="function">
                <append>($[$pattern], $[$string], $[$limit])</append>
            </behavior>
        </completion>
        <completion string="mb_str_split">
            <behavior symbol="function">
                <append>($[$string], $[$length], $[$encoding])</append>
            </behavior>
        </completion>
        <completion string="mb_strcut">
            <behavior symbol="function">
                <append>($[$string], $[$start], $[$length], $[$encoding])</append>
            </behavior>
        </completion>
        <completion string="mb_strimwidth">
            <behavior symbol="function">
                <append>($[$string], $[$start], $[$width], $[$trim_marker], $[$encoding])</append>
            </behavior>
        </completion>
        <completion string="mb_stripos">
            <behavior symbol="function">
                <append>($[$haystack], $[$needle], $[$offset], $[encoding])</append>
            </behavior>
        </completion>
        <completion string="mb_stristr">
            <behavior symbol="function">
                <append>($[$haystack], $[$needle], $[$before_needle], $[$encoding])</append>
            </behavior>
        </completion>
        <completion string="mb_strlen">
            <behavior symbol="function">
                <append>($[$string], $[$encoding])</append>
            </behavior>
        </completion>
        <completion string="mb_strpos">
            <behavior symbol="function">
                <append>($[$haystack], $[$needle], $[$offset], $[$encoding])</append>
            </behavior>
        </completion>
        <completion string="mb_strrchr">
            <behavior symbol="function">
                <append>($[$haystack], $[$needle], $[$before_needle], $[$encoding])</append>
            </behavior>
        </completion>
        <completion string="mb_strrichr">
            <behavior symbol="function">
                <append>($[$haystack], $[$needle], $[$before_needle], $[$encoding])</append>
            </behavior>
        </completion>
        <completion string="mb_strripos">
            <behavior symbol="function">
                <append>($[$haystack], $[$needle], $[$offset], $[encoding])</append>
            </behavior>
        </completion>
        <completion string="mb_strrpos">
            <behavior symbol="function">
                <append>($[$haystack], $[$needle], $[$offset], $[encoding])</append>
            </behavior>
        </completion>
        <completion string="mb_strstr">
            <behavior symbol="function">
                <append>($[$haystack], $[$needle], $[$before_needle], $[$encoding])</append>
            </behavior>
        </completion>
        <completion string="mb_strtolower">
            <behavior symbol="function">
                <append>($[$string], $[$encoding])</append>
            </behavior>
        </completion>
        <completion string="mb_strtoupper">
            <behavior symbol="function">
                <append>($[$string], $[$encoding])</append>
            </behavior>
        </completion>
        <completion string="mb_strwidth">
            <behavior symbol="function">
                <append>($[$string], $[$encoding])</append>
            </behavior>
        </completion>
        <completion string="mb_substitute_character">
            <behavior symbol="function">
                <append>($[$substitute_character)</append>
            </behavior>
        </completion>
        <completion string="mb_ubstr_count">
            <behavior symbol="function">
                <append>($[$haystack], $[$needle], $[$encoding])</append>
            </behavior>
        </completion>
        <completion string="mb_substr">
            <behavior symbol="function">
                <append>($[$string], $[$start], $[$length], $[$encoding])</append>
            </behavior>
        </completion>
    </set>
</completions>
