<?xml version="1.0" encoding="UTF-8"?>
<completions>
    <set name="php.core.functions.mysqli">
        <!-- Connections -->
        <completion string="mysqli_affected_rows">
            <behavior symbol="function">
                <append>($[$mysql])</append>
            </behavior>
        </completion>
        <completion string="mysqli_autocommit">
            <behavior symbol="function">
                <append>($[$mysql], $[$enable])</append>
            </behavior>
        </completion>
        <completion string="mysqli_change_user">
            <behavior symbol="function">
                <append>($[$mysql], $[$username], $[$password], $[$database])</append>
            </behavior>
        </completion>
        <completion string="mysqli_character_set_name">
            <behavior symbol="function">
                <append>($[$mysql])</append>
            </behavior>
        </completion>
        <completion string="mysqli_close">
            <behavior symbol="function">
                <append>($[$mysql])</append>
            </behavior>
        </completion>
        <completion string="mysqli_commit">
            <behavior symbol="function">
                <append>($[$mysql])</append>
            </behavior>
        </completion>
        <completion string="mysqli_connect">
            <behavior symbol="function">
                <append>()</append>
            </behavior>
        </completion>
        <completion string="mysqli_connect_errno">
            <behavior symbol="function">
                <append>()</append>
            </behavior>
        </completion>
        <completion string="mysqli_connect_error">
            <behavior symbol="function">
                <append>()</append>
            </behavior>
        </completion>
        <completion string="mysqli_debug">
            <behavior symbol="function">
                <append>($[$options])</append>
            </behavior>
        </completion>
        <completion string="mysqli_dump_debug_info">
            <behavior symbol="function">
                <append>($[$mysql])</append>
            </behavior>
        </completion>
        <completion string="mysqli_errno">
            <behavior symbol="function">
                <append>($[$mysql])</append>
            </behavior>
        </completion>
        <completion string="mysqli_error">
            <behavior symbol="function">
                <append>($[$mysql])</append>
            </behavior>
        </completion>
        <completion string="mysqli_field_count">
            <behavior symbol="function">
                <append>($[$mysql])</append>
            </behavior>
        </completion>
        <completion string="mysqli_get_charset">
            <behavior symbol="function">
                <append>($[$mysql])</append>
            </behavior>
        </completion>
        <completion string="mysqli_get_client_info">
            <behavior symbol="function">
                <append>($[$mysql])</append>
            </behavior>
        </completion>
        <completion string="mysqli_get_client_version">
            <behavior symbol="function">
                <append>()</append>
            </behavior>
        </completion>
        <completion string="mysqli_get_connection_stats">
            <behavior symbol="function">
                <append>($[$mysql])</append>
            </behavior>
        </completion>
        <completion string="mysqli_get_client_info">
            <behavior symbol="function">
                <append>($[$mysql])</append>
            </behavior>
        </completion>
        <completion string="mysqli_get_client_stats">
            <behavior symbol="function">
                <append>()</append>
            </behavior>
        </completion>
        <completion string="mysqli_get_host_info">
            <behavior symbol="function">
                <append>($[$mysql])</append>
            </behavior>
        </completion>
        <completion string="mysqli_get_proto_info">
            <behavior symbol="function">
                <append>($[$mysql])</append>
            </behavior>
        </completion>
        <completion string="mysqli_get_server_info">
            <behavior symbol="function">
                <append>($[$mysql])</append>
            </behavior>
        </completion>
        <completion string="mysqli_get_server_version">
            <behavior symbol="function">
                <append>($[$mysql])</append>
            </behavior>
        </completion>
        <completion string="mysqli_get_warnings">
            <behavior symbol="function">
                <append>($[$mysql])</append>
            </behavior>
        </completion>
        <completion string="mysqli_info">
            <behavior symbol="function">
                <append>($[$mysql])</append>
            </behavior>
        </completion>
        <completion string="mysqli_init">
            <behavior symbol="function">
                <append>()</append>
            </behavior>
        </completion>
        <completion string="mysqli_insert_id">
            <behavior symbol="function">
                <append>($[$mysql])</append>
            </behavior>
        </completion>
        <completion string="mysqli_kill">
            <behavior symbol="function">
                <append>($[$mysql], $[$process_id])</append>
            </behavior>
        </completion>
        <completion string="mysqli_more_results">
            <behavior symbol="function">
                <append>($[$mysql])</append>
            </behavior>
        </completion>
        <completion string="mysqli_multi_query">
            <behavior symbol="function">
                <append>($[$mysql], $[$query])</append>
            </behavior>
        </completion>
        <completion string="mysqli_next_result">
            <behavior symbol="function">
                <append>($[$mysql])</append>
            </behavior>
        </completion>
        <completion string="mysqli_options">
            <behavior symbol="function">
                <append>($[$mysql], $[$option], $[$value])</append>
            </behavior>
        </completion>
        <completion string="mysqli_ping">
            <behavior symbol="function">
                <append>($[$mysql])</append>
            </behavior>
        </completion>
        <completion string="mysqli_prepare">
            <behavior symbol="function">
                <append>($[$mysql], $[$query])</append>
            </behavior>
        </completion>
        <completion string="mysqli_real_connect">
            <behavior symbol="function">
                <append>($[$mysql])</append>
            </behavior>
        </completion>
        <completion string="mysqli_real_escape_string">
            <behavior symbol="function">
                <append>($[$mysql], $[$string])</append>
            </behavior>
        </completion>
        <completion string="mysqli_real_query">
            <behavior symbol="function">
                <append>($[$mysql], $[$query])</append>
            </behavior>
        </completion>
        <completion string="mysqli_refresh">
            <behavior symbol="function">
                <append>($[$mysql], $[$flags])</append>
            </behavior>
        </completion>
        <completion string="mysqli_rollback">
            <behavior symbol="function">
                <append>($[$mysql])</append>
            </behavior>
        </completion>
        <completion string="mysqli_select_db">
            <behavior symbol="function">
                <append>($[$mysql], $[$database])</append>
            </behavior>
        </completion>
        <completion string="mysqli_set_charset">
            <behavior symbol="function">
                <append>($[$mysql], $[$charset])</append>
            </behavior>
        </completion>
        <completion string="mysqli_ssl_set">
            <behavior symbol="function">
                <append>($[$mysql], $[$key], $[$certificate], $[$ca_certificate], $[$ca_path], $[$cipher_algos])</append>
            </behavior>
        </completion>
        <completion string="mysqli_stat">
            <behavior symbol="function">
                <append>($[$mysql])</append>
            </behavior>
        </completion>
        <completion string="mysqli_sqlstate">
            <behavior symbol="function">
                <append>($[$mysql])</append>
            </behavior>
        </completion>
        <completion string="mysqli_store_result">
            <behavior symbol="function">
                <append>($[$mysql])</append>
            </behavior>
        </completion>
        <completion string="mysqli_thread_id">
            <behavior symbol="function">
                <append>($[$mysql])</append>
            </behavior>
        </completion>
        <completion string="mysqli_thread_safe">
            <behavior symbol="function">
                <append>()</append>
            </behavior>
        </completion>
        <completion string="mysqli_use_result">
            <behavior symbol="function">
                <append>($[$mysql])</append>
            </behavior>
        </completion>
        <completion string="mysqli_warning_count">
            <behavior symbol="function">
                <append>($[$mysql])</append>
            </behavior>
        </completion>
        
        <!-- Results -->
        <completion string="mysqli_data_seek">
            <behavior symbol="function">
                <append>($[$result], $[$offset])</append>
            </behavior>
        </completion>
        <completion string="mysqli_fetch_all">
            <behavior symbol="function">
                <append>($[$result])</append>
            </behavior>
        </completion>
        <completion string="mysqli_fetch_array">
            <behavior symbol="function">
                <append>($[$result])</append>
            </behavior>
        </completion>
        <completion string="mysqli_fetch_assoc">
            <behavior symbol="function">
                <append>($[$result])</append>
            </behavior>
        </completion>
        <completion string="mysqli_fetch_field_direct">
            <behavior symbol="function">
                <append>($[$result], $[$index])</append>
            </behavior>
        </completion>
        <completion string="mysqli_fetch_field">
            <behavior symbol="function">
                <append>($[$result])</append>
            </behavior>
        </completion>
        <completion string="mysqli_fetch_fields">
            <behavior symbol="function">
                <append>($[$result])</append>
            </behavior>
        </completion>
        <completion string="mysqli_fetch_object">
            <behavior symbol="function">
                <append>($[$result])</append>
            </behavior>
        </completion>
        <completion string="mysqli_fetch_row">
            <behavior symbol="function">
                <append>($[$result])</append>
            </behavior>
        </completion>
        <completion string="mysqli_field_seek">
            <behavior symbol="function">
                <append>($[$result], $[$index])</append>
            </behavior>
        </completion>
        <completion string="mysqli_field_tell">
            <behavior symbol="function">
                <append>($[$result])</append>
            </behavior>
        </completion>
        <completion string="mysqli_fetch_lengths">
            <behavior symbol="function">
                <append>($[$result])</append>
            </behavior>
        </completion>
        <completion string="mysqli_num_fields">
            <behavior symbol="function">
                <append>($[$result])</append>
            </behavior>
        </completion>
        <completion string="mysqli_num_rows">
            <behavior symbol="function">
                <append>($[$result])</append>
            </behavior>
        </completion>
        <completion string="mysqli_free_result">
            <behavior symbol="function">
                <append>($[$result])</append>
            </behavior>
        </completion>
        
        <!-- Statements -->
        <completion string="mysqli_stmt_init">
            <behavior symbol="function">
                <append>($[$mysql])</append>
            </behavior>
        </completion>
        <completion string="mysqli_stmt_affected_rows">
            <behavior symbol="function">
                <append>($[$stmt])</append>
            </behavior>
        </completion>
        <completion string="mysqli_stmt_attr_get">
            <behavior symbol="function">
                <append>($[$stmt], $[$attribute])</append>
            </behavior>
        </completion>
        <completion string="mysqli_stmt_attr_set">
            <behavior symbol="function">
                <append>($[$stmt], $[$attribute], $[$value])</append>
            </behavior>
        </completion>
        <completion string="mysqli_stmt_bind_result">
            <behavior symbol="function">
                <append>($[$stmt], $[&amp;$var], $[&amp;...$vars])</append>
            </behavior>
        </completion>
        <completion string="mysqli_stmt_bind_param">
            <behavior symbol="function">
                <append>($[$stmt], $[$types], $[&amp;$var], $[&amp;...$vars])</append>
            </behavior>
        </completion>
        <completion string="mysqli_stmt_close">
            <behavior symbol="function">
                <append>($[$stmt])</append>
            </behavior>
        </completion>
        <completion string="mysqli_stmt_data_seek">
            <behavior symbol="function">
                <append>($[$stmt], $[$offset])</append>
            </behavior>
        </completion>
        <completion string="mysqli_stmt_execute">
            <behavior symbol="function">
                <append>($[$stmt])</append>
            </behavior>
        </completion>
        <completion string="mysqli_stmt_errno">
            <behavior symbol="function">
                <append>($[$stmt])</append>
            </behavior>
        </completion>
        <completion string="mysqli_stmt_error">
            <behavior symbol="function">
                <append>($[$stmt])</append>
            </behavior>
        </completion>
        <completion string="mysqli_stmt_fetch">
            <behavior symbol="function">
                <append>($[$stmt])</append>
            </behavior>
        </completion>
        <completion string="mysqli_stmt_field_count">
            <behavior symbol="function">
                <append>($[$stmt])</append>
            </behavior>
        </completion>
        <completion string="mysqli_stmt_free_result">
            <behavior symbol="function">
                <append>($[$stmt])</append>
            </behavior>
        </completion>
        <completion string="mysqli_stmt_get_result">
            <behavior symbol="function">
                <append>($[$stmt])</append>
            </behavior>
        </completion>
        <completion string="mysqli_stmt_get_warnings">
            <behavior symbol="function">
                <append>($[$stmt])</append>
            </behavior>
        </completion>
        <completion string="mysqli_stmt_insert_id">
            <behavior symbol="function">
                <append>($[$stmt])</append>
            </behavior>
        </completion>
        <completion string="mysqli_stmt_more_results">
            <behavior symbol="function">
                <append>($[$stmt])</append>
            </behavior>
        </completion>
        <completion string="mysqli_stmt_next_result">
            <behavior symbol="function">
                <append>($[$stmt])</append>
            </behavior>
        </completion>
        <completion string="mysqli_stmt_num_rows">
            <behavior symbol="function">
                <append>($[$stmt])</append>
            </behavior>
        </completion>
        <completion string="mysqli_stmt_param_count">
            <behavior symbol="function">
                <append>($[$stmt])</append>
            </behavior>
        </completion>
        <completion string="mysqli_stmt_prepare">
            <behavior symbol="function">
                <append>($[$stmt], $[$query])</append>
            </behavior>
        </completion>
        <completion string="mysqli_stmt_reset">
            <behavior symbol="function">
                <append>($[$stmt])</append>
            </behavior>
        </completion>
        <completion string="mysqli_stmt_result_metadata">
            <behavior symbol="function">
                <append>($[$stmt])</append>
            </behavior>
        </completion>
        <completion string="mysqli_stmt_send_long_data">
            <behavior symbol="function">
                <append>($[$stmt], $[$param_num], $[$data])</append>
            </behavior>
        </completion>
        <completion string="mysqli_stmt_store_result">
            <behavior symbol="function">
                <append>($[$stmt])</append>
            </behavior>
        </completion>
        <completion string="mysqli_stmt_sqlstate">
            <behavior symbol="function">
                <append>($[$stmt])</append>
            </behavior>
        </completion>
        
        <!-- Driver -->
        <completion string="mysqli_report">
            <behavior symbol="function">
                <append>($[$flags])</append>
            </behavior>
        </completion>
    </set>
</completions>
