<?xml version="1.0" encoding="UTF-8"?>
<completions>
    <set name="php.core.functions.options">
        <completion string="assert_options">
            <behavior symbol="function">
                <append>($[$what], $[$value])</append>
            </behavior>
        </completion>
        <completion string="assert">
            <behavior symbol="function">
                <append>($[$assertion], $[$description])</append>
            </behavior>
        </completion>
        <completion string="cli_get_process_title">
            <behavior symbol="function">
                <append>()</append>
            </behavior>
        </completion>
        <completion string="cli_set_process_title">
            <behavior symbol="function">
                <append>($[$title])</append>
            </behavior>
        </completion>
        <completion string="dl">
            <behavior symbol="function">
                <append>($[$file])</append>
            </behavior>
        </completion>
        <completion string="extension_loaded">
            <behavior symbol="function">
                <append>($[$extension])</append>
            </behavior>
        </completion>
        <completion string="gc_collect_cycles">
            <behavior symbol="function">
                <append>()</append>
            </behavior>
        </completion>
        <completion string="gc_disable">
            <behavior symbol="function">
                <append>()</append>
            </behavior>
        </completion>
        <completion string="gc_enable">
            <behavior symbol="function">
                <append>()</append>
            </behavior>
        </completion>
        <completion string="gc_enabled">
            <behavior symbol="function">
                <append>()</append>
            </behavior>
        </completion>
        <completion string="gc_mem_caches">
            <behavior symbol="function">
                <append>()</append>
            </behavior>
        </completion>
        <completion string="gc_status">
            <behavior symbol="function">
                <append>()</append>
            </behavior>
        </completion>
        <completion string="get_cfg_var">
            <behavior symbol="function">
                <append>($[$option])</append>
            </behavior>
        </completion>
        <completion string="get_current_user">
            <behavior symbol="function">
                <append>()</append>
            </behavior>
        </completion>
        <completion string="get_defined_constants">
            <behavior symbol="function">
                <append>()</append>
            </behavior>
        </completion>
        <completion string="get_extension_funcs">
            <behavior symbol="function">
                <append>($[$extension])</append>
            </behavior>
        </completion>
        <completion string="get_include_path">
            <behavior symbol="function">
                <append>()</append>
            </behavior>
        </completion>
        <completion string="get_included_files">
            <behavior symbol="function">
                <append>()</append>
            </behavior>
        </completion>
        <completion string="get_loaded_extensions">
            <behavior symbol="function">
                <append>()</append>
            </behavior>
        </completion>
        <completion string="get_magic_quotes_gpc" deprecated="true">
            <behavior symbol="function">
                <append>()</append>
            </behavior>
        </completion>
        <completion string="get_magic_quotes_runtime" deprecated="true">
            <behavior symbol="function">
                <append>()</append>
            </behavior>
        </completion>
        <completion string="get_required_files">
            <behavior symbol="function">
                <append>()</append>
            </behavior>
        </completion>
        <completion string="get_resources">
            <behavior symbol="function">
                <append>($[$type])</append>
            </behavior>
        </completion>
        <completion string="getenv">
            <behavior symbol="function">
                <append>($[$name])</append>
            </behavior>
        </completion>
        <completion string="getlastmod">
            <behavior symbol="function">
                <append>()</append>
            </behavior>
        </completion>
        <completion string="getmygid">
            <behavior symbol="function">
                <append>()</append>
            </behavior>
        </completion>
        <completion string="getmygid">
            <behavior symbol="function">
                <append>()</append>
            </behavior>
        </completion>
        <completion string="getmyinode">
            <behavior symbol="function">
                <append>()</append>
            </behavior>
        </completion>
        <completion string="getmypid">
            <behavior symbol="function">
                <append>()</append>
            </behavior>
        </completion>
        <completion string="getmyuid">
            <behavior symbol="function">
                <append>()</append>
            </behavior>
        </completion>
        <completion string="getopt">
            <behavior symbol="function">
                <append>($[$short_options], $[$long_options])</append>
            </behavior>
        </completion>
        <completion string="getrusage">
            <behavior symbol="function">
                <append>($[$mode])</append>
            </behavior>
        </completion>
        <completion string="ini_alter">
            <behavior symbol="function">
                <append>($[$option], $[$value])</append>
            </behavior>
        </completion>
        <completion string="ini_get_all">
            <behavior symbol="function">
                <append>()</append>
            </behavior>
        </completion>
        <completion string="ini_get">
            <behavior symbol="function">
                <append>($[$option])</append>
            </behavior>
        </completion>
        <completion string="ini_parse_quantity">
            <behavior symbol="function">
                <append>($[$shorthand])</append>
            </behavior>
        </completion>
        <completion string="ini_restore">
            <behavior symbol="function">
                <append>($[$option])</append>
            </behavior>
        </completion>
        <completion string="ini_set">
            <behavior symbol="function">
                <append>($[$option], $[$value])</append>
            </behavior>
        </completion>
        <completion string="memory_get_peak_usage">
            <behavior symbol="function">
                <append>()</append>
            </behavior>
        </completion>
        <completion string="memory_get_usage">
            <behavior symbol="function">
                <append>()</append>
            </behavior>
        </completion>
        <completion string="memory_reset_peak_usage">
            <behavior symbol="function">
                <append>()</append>
            </behavior>
        </completion>
        <completion string="php_ini_loaded_file">
            <behavior symbol="function">
                <append>()</append>
            </behavior>
        </completion>
        <completion string="php_ini_scanned_files">
            <behavior symbol="function">
                <append>()</append>
            </behavior>
        </completion>
        <completion string="php_sapi_name">
            <behavior symbol="function">
                <append>()</append>
            </behavior>
        </completion>
        <completion string="php_uname">
            <behavior symbol="function">
                <append>()</append>
            </behavior>
        </completion>
        <completion string="phpcredits">
            <behavior symbol="function">
                <append>()</append>
            </behavior>
        </completion>
        <completion string="phpinfo">
            <behavior symbol="function">
                <append>()</append>
            </behavior>
        </completion>
        <completion string="phpversion">
            <behavior symbol="function">
                <append>()</append>
            </behavior>
        </completion>
        <completion string="putenv">
            <behavior symbol="function">
                <append>($[$assignment])</append>
            </behavior>
        </completion>
        <completion string="restore_include_path" deprecated="true">
            <behavior symbol="function">
                <append>()</append>
            </behavior>
        </completion>
        <completion string="set_include_path">
            <behavior symbol="function">
                <append>($[$include_path])</append>
            </behavior>
        </completion>
        <completion string="set_time_limit">
            <behavior symbol="function">
                <append>($[$seconds])</append>
            </behavior>
        </completion>
        <completion string="sys_get_temp_dir">
            <behavior symbol="function">
                <append>()</append>
            </behavior>
        </completion>
        <completion string="version_compare">
            <behavior symbol="function">
                <append>($[$version1], $[$version2], $[$operator])</append>
            </behavior>
        </completion>
        <completion string="zend_thread_id">
            <behavior symbol="function">
                <append>()</append>
            </behavior>
        </completion>
        <completion string="zend_version">
            <behavior symbol="function">
                <append>()</append>
            </behavior>
        </completion>
    </set>
</completions>
