<?xml version="1.0" encoding="UTF-8"?>
<completions>
    <set name="php.core.functions.outcontrol">
        <completion string="flush">
            <behavior symbol="function">
                <append>()</append>
            </behavior>
        </completion>
        <completion string="ob_clean">
            <behavior symbol="function">
                <append>()</append>
            </behavior>
        </completion>
        <completion string="ob_end_flush">
            <behavior symbol="function">
                <append>()</append>
            </behavior>
        </completion>
        <completion string="ob_end_clean">
            <behavior symbol="function">
                <append>()</append>
            </behavior>
        </completion>
        <completion string="ob_flush">
            <behavior symbol="function">
                <append>()</append>
            </behavior>
        </completion>
        <completion string="ob_get_clean">
            <behavior symbol="function">
                <append>()</append>
            </behavior>
        </completion>
        <completion string="ob_get_contents">
            <behavior symbol="function">
                <append>()</append>
            </behavior>
        </completion>
        <completion string="ob_get_length">
            <behavior symbol="function">
                <append>()</append>
            </behavior>
        </completion>
        <completion string="ob_get_level">
            <behavior symbol="function">
                <append>()</append>
            </behavior>
        </completion>
        <completion string="ob_get_flush">
            <behavior symbol="function">
                <append>()</append>
            </behavior>
        </completion>
        <completion string="ob_get_status">
            <behavior symbol="function">
                <append>($[$full_status])</append>
            </behavior>
        </completion>
        <completion string="ob_gzhandler">
            <behavior symbol="function">
                <append>($[$buffer], $[$mode])</append>
            </behavior>
        </completion>
        <completion string="ob_implicit_flush">
            <behavior symbol="function">
                <append>($[$flag])</append>
            </behavior>
        </completion>
        <completion string="ob_list_handlers">
            <behavior symbol="function">
                <append>()</append>
            </behavior>
        </completion>
        <completion string="ob_start">
            <behavior symbol="function">
                <append>()</append>
            </behavior>
        </completion>
        <completion string="output_add_rewrite_var">
            <behavior symbol="function">
                <append>($[$name], $[$value])</append>
            </behavior>
        </completion>
        <completion string="output_reset_rewrite_vars">
            <behavior symbol="function">
                <append>()</append>
            </behavior>
        </completion>
    </set>
</completions>
