<?xml version="1.0" encoding="UTF-8"?>
<completions>
    <set name="php.core.functions.posix">
        <completion string="posix_access">
            <behavior symbol="function">
                <append>($[$filename])</append>
            </behavior>
        </completion>
        <completion string="posix_ctermid">
            <behavior symbol="function">
                <append>()</append>
            </behavior>
        </completion>
        <completion string="posix_errno">
            <behavior symbol="function">
                <append>()</append>
            </behavior>
        </completion>
        <completion string="posix_get_last_error">
            <behavior symbol="function">
                <append>()</append>
            </behavior>
        </completion>
        <completion string="posix_getcwd">
            <behavior symbol="function">
                <append>()</append>
            </behavior>
        </completion>
        <completion string="posix_getegid">
            <behavior symbol="function">
                <append>()</append>
            </behavior>
        </completion>
        <completion string="posix_geteuid">
            <behavior symbol="function">
                <append>()</append>
            </behavior>
        </completion>
        <completion string="posix_getgid">
            <behavior symbol="function">
                <append>()</append>
            </behavior>
        </completion>
        <completion string="posix_getgrgid">
            <behavior symbol="function">
                <append>($[$group_id])</append>
            </behavior>
        </completion>
        <completion string="posix_getgrnam">
            <behavior symbol="function">
                <append>($[$name])</append>
            </behavior>
        </completion>
        <completion string="posix_getgroups">
            <behavior symbol="function">
                <append>()</append>
            </behavior>
        </completion>
        <completion string="posix_getlogin">
            <behavior symbol="function">
                <append>()</append>
            </behavior>
        </completion>
        <completion string="posix_getpgid">
            <behavior symbol="function">
                <append>($[$process_id])</append>
            </behavior>
        </completion>
        <completion string="posix_getpgrp">
            <behavior symbol="function">
                <append>()</append>
            </behavior>
        </completion>
        <completion string="posix_getpid">
            <behavior symbol="function">
                <append>()</append>
            </behavior>
        </completion>
        <completion string="posix_getppid">
            <behavior symbol="function">
                <append>()</append>
            </behavior>
        </completion>
        <completion string="posix_getpwnam">
            <behavior symbol="function">
                <append>($[$username])</append>
            </behavior>
        </completion>
        <completion string="posix_getpwuid">
            <behavior symbol="function">
                <append>($[$user_id])</append>
            </behavior>
        </completion>
        <completion string="posix_getrlimit">
            <behavior symbol="function">
                <append>()</append>
            </behavior>
        </completion>
        <completion string="posix_getsid">
            <behavior symbol="function">
                <append>($[$process_id])</append>
            </behavior>
        </completion>
        <completion string="posix_getuid">
            <behavior symbol="function">
                <append>()</append>
            </behavior>
        </completion>
        <completion string="posix_initgroups">
            <behavior symbol="function">
                <append>($[$name], $[$base_group_id])</append>
            </behavior>
        </completion>
        <completion string="posix_isatty">
            <behavior symbol="function">
                <append>($[$file_descriptor])</append>
            </behavior>
        </completion>
        <completion string="posix_kill">
            <behavior symbol="function">
                <append>($[$process_id], $[$sig])</append>
            </behavior>
        </completion>
        <completion string="posix_mkfifo">
            <behavior symbol="function">
                <append>($[$filename], $[$flags])</append>
            </behavior>
        </completion>
        <completion string="posix_mknod">
            <behavior symbol="function">
                <append>($[$filename], $[$flags])</append>
            </behavior>
        </completion>
        <completion string="posix_setegid">
            <behavior symbol="function">
                <append>($[$group_id])</append>
            </behavior>
        </completion>
        <completion string="posix_seteuid">
            <behavior symbol="function">
                <append>($[$user_id])</append>
            </behavior>
        </completion>
        <completion string="posix_setgid">
            <behavior symbol="function">
                <append>($[$group_id])</append>
            </behavior>
        </completion>
        <completion string="posix_setpgid">
            <behavior symbol="function">
                <append>($[$process_id], $[$process_group_id])</append>
            </behavior>
        </completion>
        <completion string="posix_setrlimit">
            <behavior symbol="function">
                <append>($[$resource], $[$soft_limit], $[$hard_limit])</append>
            </behavior>
        </completion>
        <completion string="posix_setsid">
            <behavior symbol="function">
                <append>()</append>
            </behavior>
        </completion>
        <completion string="posix_setuid">
            <behavior symbol="function">
                <append>($[$user_id])</append>
            </behavior>
        </completion>
        <completion string="posix_strerror">
            <behavior symbol="function">
                <append>($[$error_code])</append>
            </behavior>
        </completion>
        <completion string="posix_times">
            <behavior symbol="function">
                <append>()</append>
            </behavior>
        </completion>
        <completion string="posix_ttyname">
            <behavior symbol="function">
                <append>($[$file_descriptor])</append>
            </behavior>
        </completion>
        <completion string="posix_uname">
            <behavior symbol="function">
                <append>()</append>
            </behavior>
        </completion>
    </set>
</completions>
