<?xml version="1.0" encoding="UTF-8"?>
<completions>
    <set name="php.core.functions.readline">
        <completion string="readline_add_history">
            <behavior symbol="function">
                <append>($[$line])</append>
            </behavior>
        </completion>
        <completion string="readline_callback_handler_install">
            <behavior symbol="function">
                <append>($[$prompt], $[$callback])</append>
            </behavior>
        </completion>
        <completion string="readline_callback_handler_remove">
            <behavior symbol="function">
                <append>()</append>
            </behavior>
        </completion>
        <completion string="readline_callback_read_char">
            <behavior symbol="function">
                <append>()</append>
            </behavior>
        </completion>
        <completion string="readline_clear_history">
            <behavior symbol="function">
                <append>()</append>
            </behavior>
        </completion>
        <completion string="readline_completion_function">
            <behavior symbol="function">
                <append>($[$function])</append>
            </behavior>
        </completion>
        <completion string="readline_info">
            <behavior symbol="function">
                <append>()</append>
            </behavior>
        </completion>
        <completion string="readline_list_history">
            <behavior symbol="function">
                <append>()</append>
            </behavior>
        </completion>
        <completion string="readline_on_new_line">
            <behavior symbol="function">
                <append>()</append>
            </behavior>
        </completion>
        <completion string="readline_read_history">
            <behavior symbol="function">
                <append>($[$filename])</append>
            </behavior>
        </completion>
        <completion string="readline_redisplay">
            <behavior symbol="function">
                <append>()</append>
            </behavior>
        </completion>
        <completion string="readline_write_history">
            <behavior symbol="function">
                <append>($[$filename])</append>
            </behavior>
        </completion>
        <completion string="readline">
            <behavior symbol="function">
                <append>($[$prompt])</append>
            </behavior>
        </completion>
    </set>
</completions>
