<?xml version="1.0" encoding="UTF-8"?>
<completions>
    <set name="php.core.functions.streams">
        <completion string="stream_bucket_append">
            <behavior symbol="function">
                <append>()</append>
            </behavior>
        </completion>
        <completion string="stream_bucket_make_writeable">
            <behavior symbol="function">
                <append>()</append>
            </behavior>
        </completion>
        <completion string="stream_bucket_new">
            <behavior symbol="function">
                <append>()</append>
            </behavior>
        </completion>
        <completion string="stream_bucket_prepend">
            <behavior symbol="function">
                <append>()</append>
            </behavior>
        </completion>
        <completion string="stream_context_create">
            <behavior symbol="function">
                <append>()</append>
            </behavior>
        </completion>
        <completion string="stream_context_get_default">
            <behavior symbol="function">
                <append>($[$options])</append>
            </behavior>
        </completion>
        <completion string="stream_context_get_options">
            <behavior symbol="function">
                <append>($[$stream_or_context])</append>
            </behavior>
        </completion>
        <completion string="stream_context_get_params">
            <behavior symbol="function">
                <append>($[$stream_or_context])</append>
            </behavior>
        </completion>
        <completion string="stream_context_set_default">
            <behavior symbol="function">
                <append>($[$options])</append>
            </behavior>
        </completion>
        <completion string="stream_context_set_option">
            <behavior symbol="function">
                <append>($[$stream_or_context], $[$wrapper], $[$option], $[$value])</append>
            </behavior>
        </completion>
        <completion string="stream_context_set_params">
            <behavior symbol="function">
                <append>($[$stream_or_context], $[$params])</append>
            </behavior>
        </completion>
        <completion string="stream_copy_to_stream">
            <behavior symbol="function">
                <append>($[$source], $[$dest])</append>
            </behavior>
        </completion>
        <completion string="stream_filter_append">
            <behavior symbol="function">
                <append>($[$stream], $[$filtername])</append>
            </behavior>
        </completion>
        <completion string="stream_filter_prepend">
            <behavior symbol="function">
                <append>($[$stream], $[$filtername])</append>
            </behavior>
        </completion>
        <completion string="stream_filter_register">
            <behavior symbol="function">
                <append>($[$filtername], $[$class])</append>
            </behavior>
        </completion>
        <completion string="stream_filter_remove">
            <behavior symbol="function">
                <append>($[$stream_filter])</append>
            </behavior>
        </completion>
        <completion string="stream_get_contents">
            <behavior symbol="function">
                <append>($[$handle])</append>
            </behavior>
        </completion>
        <completion string="stream_get_filters">
            <behavior symbol="function">
                <append>()</append>
            </behavior>
        </completion>
        <completion string="stream_get_line">
            <behavior symbol="function">
                <append>($[$handle], $[$length])</append>
            </behavior>
        </completion>
        <completion string="stream_get_meta_data">
            <behavior symbol="function">
                <append>($[$stream])</append>
            </behavior>
        </completion>
        <completion string="stream_get_transports">
            <behavior symbol="function">
                <append>()</append>
            </behavior>
        </completion>
        <completion string="stream_get_wrappers">
            <behavior symbol="function">
                <append>()</append>
            </behavior>
        </completion>
        <completion string="stream_is_local">
            <behavior symbol="function">
                <append>($[$stream])</append>
            </behavior>
        </completion>
        <completion string="stream_isatty">
            <behavior symbol="function">
                <append>($[$stream])</append>
            </behavior>
        </completion>
        <completion string="stream_notification_callback">
            <behavior symbol="function">
                <append>($[$notification_code], $[$severity], $[$message], $[$message_code], $[$bytes_transferred], $[$bytes_max])</append>
            </behavior>
        </completion>
        <completion string="stream_register_wrapper">
            <behavior symbol="function">
                <append>($[$protocol], $[$class])</append>
            </behavior>
        </completion>
        <completion string="stream_resolve_include_path">
            <behavior symbol="function">
                <append>($[$filename])</append>
            </behavior>
        </completion>
        <completion string="stream_select">
            <behavior symbol="function">
                <append>($[&amp;$read], $[&amp;$write], $[&amp;$except], $[$tv_sec])</append>
            </behavior>
        </completion>
        <completion string="stream_set_blocking">
            <behavior symbol="function">
                <append>($[$stream], $[$mode])</append>
            </behavior>
        </completion>
        <completion string="stream_set_chunk_size">
            <behavior symbol="function">
                <append>($[$stream], $[$size])</append>
            </behavior>
        </completion>
        <completion string="stream_set_read_buffer">
            <behavior symbol="function">
                <append>($[$stream], $[$buffer])</append>
            </behavior>
        </completion>
        <completion string="stream_set_timeout">
            <behavior symbol="function">
                <append>($[$stream], $[$seconds])</append>
            </behavior>
        </completion>
        <completion string="stream_set_write_buffer">
            <behavior symbol="function">
                <append>($[$stream], $[$buffer])</append>
            </behavior>
        </completion>
        <completion string="stream_socket_accept">
            <behavior symbol="function">
                <append>($[$server_socket])</append>
            </behavior>
        </completion>
        <completion string="stream_socket_client">
            <behavior symbol="function">
                <append>($[$remote_socket])</append>
            </behavior>
        </completion>
        <completion string="stream_socket_enable_crypto">
            <behavior symbol="function">
                <append>($[$stream], $[$enable])</append>
            </behavior>
        </completion>
        <completion string="stream_socket_get_name">
            <behavior symbol="function">
                <append>($[$handle], $[$want_peer])</append>
            </behavior>
        </completion>
        <completion string="stream_socket_pair">
            <behavior symbol="function">
                <append>($[$domain], $[$type], $[$protocol])</append>
            </behavior>
        </completion>
        <completion string="stream_socket_recvfrom">
            <behavior symbol="function">
                <append>($[$socket], $[$length])</append>
            </behavior>
        </completion>
        <completion string="stream_socket_sendto">
            <behavior symbol="function">
                <append>($[$socket], $[$data])</append>
            </behavior>
        </completion>
        <completion string="stream_socket_server">
            <behavior symbol="function">
                <append>($[$local_socket])</append>
            </behavior>
        </completion>
        <completion string="stream_socket_shutdown">
            <behavior symbol="function">
                <append>($[$stream], $[$how])</append>
            </behavior>
        </completion>
        <completion string="stream_supports_lock">
            <behavior symbol="function">
                <append>($[$stream])</append>
            </behavior>
        </completion>
        <completion string="stream_wrapper_register">
            <behavior symbol="function">
                <append>($[$protocol], $[$class])</append>
            </behavior>
        </completion>
        <completion string="stream_wrapper_restore">
            <behavior symbol="function">
                <append>($[$protocol])</append>
            </behavior>
        </completion>
        <completion string="stream_wrapper_unregister">
            <behavior symbol="function">
                <append>($[$protocol])</append>
            </behavior>
        </completion>
    </set>
</completions>
